name,datetime,tempmax,tempmin,temp,feelslikemax,feelslikemin,feelslike,dew,humidity,precip,precipcover,snow,snowdepth,windgust,windspeed,winddir,sealevelpressure,cloudcover,visibility,sunrise,sunset,moonphase,conditions,description,icon,stations
nashville tennessee,2020-11-01,61.6,41.6,54.5,61.6,36.6,53.5,34.1,49.95,0,0,0,0,30.8,18.7,288,1025.2,22.4,9.9,2020-11-01T06:10:26,2020-11-01T16:50:26,0.51,Clear,Partly cloudy throughout the day.,Clear,"72327013897,KJWN,KBNA,KMQY,KM91,72327313827"
nashville tennessee,2020-11-02,55.1,32.5,42.4,55.1,28.9,40.9,21.3,46.14,0,0,0,0,,7.7,268.8,1030.8,3.7,9.9,2020-11-02T06:11:25,2020-11-02T16:49:26,0.52,Clear,Clear conditions throughout the day.,Clear,"72327013897,KJWN,KBNA,KMQY,KM91,72327313827"
nashville tennessee,2020-11-03,67.9,34.3,49.2,67.9,31,48.1,32.8,57.5,0,0,0,0,13.9,6.5,162.9,1026.7,5,9.9,2020-11-03T06:12:24,2020-11-03T16:48:27,0.54,Clear,Clear conditions throughout the day.,Clear,"72327013897,KJWN,KBNA,KMQY,KM91,72327313827"
nashville tennessee,2020-11-04,71.7,40.1,54.7,71.7,40.1,54.6,39.9,61.45,0,0,0,0,,10.2,135.2,1027.7,2.2,9.6,2020-11-04T06:13:24,2020-11-04T16:47:30,0.57,Clear,Clear conditions throughout the day.,Clear,"72327013897,KJWN,KBNA,KMQY,KM91,72327313827"
nashville tennessee,2020-11-05,70.4,43.4,55.3,70.4,41.4,55.2,42.6,65.06,0,0,0,0,14.7,9.3,133,1026.8,47.1,9.8,2020-11-05T06:14:24,2020-11-05T16:46:34,0.61,Clear,Partly cloudy throughout the day.,Clear,"72327013897,KJWN,KBNA,KMQY,KM91,72327313827"
nashville tennessee,2020-11-06,71.8,41.5,56.4,71.8,41.5,56.3,45.7,70.69,0,0,0,0,,6.5,65.8,1025.5,7.4,9.5,2020-11-06T06:15:24,2020-11-06T16:45:40,0.65,Clear,Clear conditions throughout the day.,Clear,"72327013897,KJWN,KBNA,KMQY,KM91,72327313827"
nashville tennessee,2020-11-07,77,46.6,62,77,46.6,62,51.3,70.44,0,0,0,0,12.8,7.3,56.4,1023.8,33.1,9.2,2020-11-07T06:16:25,2020-11-07T16:44:47,0.7,Clear,Becoming cloudy in the afternoon.,Clear,"72327013897,KJWN,KBNA,KMQY,KM91,72327313827"
nashville tennessee,2020-11-08,80.7,55.6,67.7,80.9,55.6,67.7,55.6,67.45,0,0,0,0,18.3,11.7,93.5,1023.5,32,9.9,2020-11-08T06:17:25,2020-11-08T16:43:56,0.75,Clear,Becoming cloudy in the afternoon.,Clear,"72327013897,KJWN,KBNA,KMQY,KM91,72327313827"
nashville tennessee,2020-11-09,80.7,57.8,68.3,81.4,57.8,68.4,57.3,69.71,0,0,0,0,21.9,12.1,95.3,1021.2,42.3,9.8,2020-11-09T06:18:26,2020-11-09T16:43:07,0.8,Clear,Partly cloudy throughout the day.,Clear,"72327013897,KJWN,KBNA,KMQY,KM91,72327313827"
nashville tennessee,2020-11-10,78.1,61.1,68.6,78.1,61.1,68.6,61.4,78.35,0.1,16.67,0,0,26.4,15.3,121.4,1015.5,85,9.4,2020-11-10T06:19:27,2020-11-10T16:42:19,0.86,Rain,Partly cloudy throughout the day with afternoon rain.,Rain,"72327013897,KJWN,KBNA,KMQY,KM91,72327313827"
nashville tennessee,2020-11-11,69.2,49.4,60.5,69.2,46.3,60.3,54.6,81.18,0.12,25,0,0,18.3,12.6,303.5,1015.4,92.4,9.3,2020-11-11T06:20:28,2020-11-11T16:41:32,0.91,Rain,Cloudy skies throughout the day with rain clearing later.,Rain,"72327013897,KJWN,KBNA,KMQY,KM91,72327313827"
nashville tennessee,2020-11-12,64.1,43.4,51.8,64.1,40.9,50.8,37.1,59.63,0,0,0,0,13.9,9.6,177.4,1017.7,5.1,9.9,2020-11-12T06:21:29,2020-11-12T16:40:48,0.95,Clear,Clear conditions throughout the day.,Clear,"72327013897,KJWN,KBNA,KMQY,KM91,72327313827"
nashville tennessee,2020-11-13,62.9,42.6,51.9,62.9,42.6,51.8,37.3,60.32,0,0,0,0,18.3,11.6,216.7,1021.5,30.7,9.9,2020-11-13T06:22:30,2020-11-13T16:40:05,0.98,Clear,Partly cloudy throughout the day.,Clear,"72327013897,KJWN,KBNA,KMQY,KM91,72327313827"
nashville tennessee,2020-11-14,72.5,39.4,56.4,72.5,39.4,56.3,40.4,59,0,0,0,0,24.2,14.2,110.5,1018.2,68.9,9.9,2020-11-14T06:23:31,2020-11-14T16:39:24,1,Clear,Partly cloudy throughout the day.,Clear,"72327013897,KJWN,KBNA,KMQY,KM91,72327313827"
nashville tennessee,2020-11-15,67.8,45.5,59.6,67.8,43.8,59.5,37.5,46.44,0.23,16.67,0,0,45.5,28.2,251.7,1016,43.6,9.7,2020-11-15T06:24:32,2020-11-15T16:38:44,0,Rain,Clearing in the afternoon with rain clearing later.,Rain,"72327013897,KJWN,KBNA,KMQY,KM91,72327313827"
nashville tennessee,2020-11-16,62,33.8,47.8,62,32.4,47.3,26.5,49.48,0,0,0,0,11.4,6.2,269.4,1025.8,0.9,9.9,2020-11-16T06:25:33,2020-11-16T16:38:06,0.01,Clear,Clear conditions throughout the day.,Clear,"72327013897,KJWN,KBNA,KMQY,KM91,72327313827"
nashville tennessee,2020-11-17,55.1,38.2,48.4,55.1,36.1,46.1,24.2,39.18,0,0,0,0,23.6,14.9,254.5,1031.1,2.2,9.9,2020-11-17T06:26:34,2020-11-17T16:37:30,0.04,Clear,Clear conditions throughout the day.,Clear,"72327013897,KJWN,KBNA,KMQY,KM91,72327313827"
nashville tennessee,2020-11-18,58.2,31.8,44,58.2,28.8,43.1,23,47.09,0,0,0,0,13.9,8.3,91.6,1034.6,4.8,9.9,2020-11-18T06:27:35,2020-11-18T16:36:56,0.07,Clear,Clear conditions throughout the day.,Clear,"72327013897,KJWN,KBNA,KMQY,KM91,72327313827"
nashville tennessee,2020-11-19,67.2,39.9,54,67.2,35.8,53.4,24.8,34.29,0,0,0,0,26.8,16.5,155.3,1030.5,11.7,9.9,2020-11-19T06:28:35,2020-11-19T16:36:24,0.12,Clear,Clear conditions throughout the day.,Clear,"72327013897,KJWN,KBNA,KMQY,KM91,72327313827"
nashville tennessee,2020-11-20,70.5,46.6,57.3,70.5,45.5,56.9,40.3,54.29,0,0,0,0,21.9,10.4,152.5,1030.5,32.1,9.8,2020-11-20T06:29:35,2020-11-20T16:35:54,0.17,Clear,Partly cloudy throughout the day.,Clear,"72327013897,KJWN,KBNA,KMQY,KM91,72327313827"
nashville tennessee,2020-11-21,71.8,46.4,58.3,71.8,45.1,58.2,47.9,70.63,0,0,0,0,,6,95.1,1027.7,55.2,9.8,2020-11-21T06:30:36,2020-11-21T16:35:25,0.22,Clear,Partly cloudy throughout the day.,Clear,"72327013897,KJWN,KBNA,KMQY,KM91,72327313827"
nashville tennessee,2020-11-22,65.3,43.6,53.8,65.3,38,52.1,47.3,79.11,0.09,25,0,0,27.6,14.8,237.2,1022.3,82.8,8.9,2020-11-22T06:31:35,2020-11-22T16:34:58,0.27,Rain,Partly cloudy throughout the day with afternoon rain.,Rain,"72327013897,KJWN,KBNA,KMQY,KM91,72327313827"
nashville tennessee,2020-11-23,53.1,33.2,43,53.1,33.2,42.6,34.6,73.48,0,0,0,0,,8.7,126.5,1027.8,40.4,9.4,2020-11-23T06:32:35,2020-11-23T16:34:34,0.31,Clear,Partly cloudy throughout the day.,Clear,"72327013897,KJWN,KBNA,KMQY,KM91,72327313827"
nashville tennessee,2020-11-24,63.5,33.7,49.6,63.5,33.7,49.6,36.4,63.9,0,0,0,0,22.7,15.3,118.8,1022.4,50.5,9.4,2020-11-24T06:33:34,2020-11-24T16:34:11,0.36,Clear,Partly cloudy throughout the day.,Clear,"72327013897,KJWN,KBNA,KMQY,KM91,72327313827"
nashville tennessee,2020-11-25,66.5,53,59.9,66.5,53,59.9,49.4,68.61,0.04,16.67,0,0,38.4,26.1,198.2,1014.3,78.9,9.7,2020-11-25T06:34:32,2020-11-25T16:33:50,0.4,Rain,Partly cloudy throughout the day with morning rain.,Rain,"72327013897,KJWN,KBNA,KMQY,KM91,72327313827"
nashville tennessee,2020-11-26,57.8,42.2,50.4,57.8,41.3,50.4,42.3,74.41,0,0,0,0,,5.9,218.4,1019.6,59.1,9.8,2020-11-26T06:35:30,2020-11-26T16:33:31,0.43,Clear,Partly cloudy throughout the day.,Clear,"72327013897,KJWN,KBNA,KMQY,KM91,72327313827"
nashville tennessee,2020-11-27,61.1,37.4,48.6,61.1,37,48.4,41,77.41,0,0,0,0,12.8,6.9,91.6,1020.2,74.5,6,2020-11-27T06:36:28,2020-11-27T16:33:14,0.46,Clear,Partly cloudy throughout the day.,Clear,"72327013897,KJWN,KBNA,KMQY,KM91,72327313827"
nashville tennessee,2020-11-28,55.6,38.1,47.7,55.6,38.1,45.6,35.5,64.28,0,0,0,0,15,13.3,194,1022.4,44.5,9.9,2020-11-28T06:37:25,2020-11-28T16:32:59,0.48,Clear,Clearing in the afternoon.,Clear,"72327013897,KJWN,KBNA,KMQY,KM91,72327313827"
nashville tennessee,2020-11-29,50.7,34.4,42.3,50.7,34.4,41.1,36.3,79.42,0.28,29.17,0,0,33.5,9.7,133.5,1016.3,71.7,8.9,2020-11-29T06:38:21,2020-11-29T16:32:46,0.5,Rain,Partly cloudy throughout the day with rain.,Rain,"72327013897,KJWN,KBNA,KMQY,KM91,72327313827"
nashville tennessee,2020-11-30,42.2,31.9,35.5,36.7,23.2,27.3,30.2,81.15,0.57,33.33,0,0,26.6,16.4,301.7,1014.3,98.9,7.5,2020-11-30T06:39:17,2020-11-30T16:32:35,0.5,Rain,Cloudy skies throughout the day with rain.,Rain,"72327013897,KJWN,KBNA,KMQY,KM91,72327313827"
nashville tennessee,2020-12-01,41.6,27.1,32.5,37.9,22.1,27.8,20.6,62.12,0,0,0.38,0.38,17.2,10,277.4,1022.2,37,9.9,2020-12-01T06:40:12,2020-12-01T16:32:26,0.51,Clear,Clearing in the afternoon.,Snow,"72327013897,KJWN,KBNA,KMQY,KM91,72327313827"
nashville tennessee,2020-12-02,46.8,21.3,33,46.8,21.3,32.3,21.7,67.14,0,0,0,0.13,,5.4,83,1028.9,17.2,9.8,2020-12-02T06:41:06,2020-12-02T16:32:20,0.53,Clear,Clear conditions throughout the day.,Clear,"72327013897,KJWN,KBNA,KMQY,KM91,72327313827"
nashville tennessee,2020-12-03,55.1,27.8,41.1,55.1,26.3,40.6,29.5,67.62,0.12,16.67,0,0,20.8,7.7,96.1,1024.7,77.8,9.5,2020-12-03T06:42:00,2020-12-03T16:32:15,0.55,Rain,Partly cloudy throughout the day with late afternoon rain.,Rain,"72327013897,KJWN,KBNA,KMQY,KM91,72327313827"
nashville tennessee,2020-12-04,46.1,38.6,43.7,46,35.9,40.7,40.6,88.73,0.48,45.83,0,0,20.5,11.3,223.5,1018.6,86.5,7,2020-12-04T06:42:52,2020-12-04T16:32:12,0.58,Rain,Partly cloudy throughout the day with a chance of rain throughout the day.,Rain,"72327013897,KJWN,KBNA,KMQY,KM91,72327313827"
nashville tennessee,2020-12-05,55,31.6,42,55,31.6,41.5,34,75.44,0,0,0,0,,8.9,203.2,1020.4,2.5,8.6,2020-12-05T06:43:44,2020-12-05T16:32:11,0.62,Clear,Clear conditions throughout the day.,Clear,"72327013897,KJWN,KBNA,KMQY,KM91,72327313827"
nashville tennessee,2020-12-06,57.4,30.3,42.7,57.4,30.3,41.5,34.3,74.28,0,0,0,0,23,13.7,120.9,1014.9,56.3,7.5,2020-12-06T06:44:34,2020-12-06T16:32:12,0.67,Clear,Partly cloudy throughout the day.,Clear,"72327013897,KJWN,KBNA,KMQY,KM91,72327313827"
nashville tennessee,2020-12-07,40.9,30.5,37,38.8,21.9,30.9,25.6,63.69,0,0,0,0,24.2,14.1,319.9,1017.4,84.2,9.9,2020-12-07T06:45:24,2020-12-07T16:32:15,0.73,Clear,Partly cloudy throughout the day.,Clear,"72327013897,KJWN,KBNA,KMQY,KM91,72327313827"
nashville tennessee,2020-12-08,43.5,30.4,38,43.5,26.5,36.7,28.2,68.14,0,0,0,0,,6,126.6,1021.5,69,9.6,2020-12-08T06:46:13,2020-12-08T16:32:20,0.78,Clear,Partly cloudy throughout the day.,Clear,"72327013897,KJWN,KBNA,KM91,KMQY,72327313827"
nashville tennessee,2020-12-09,65.3,30.4,45.7,65.3,28,44.5,32,63.58,0,0,0,0,16.1,10,206.6,1017.8,23.7,8.8,2020-12-09T06:47:00,2020-12-09T16:32:28,0.84,Clear,Partly cloudy throughout the day.,Clear,"72327013897,KJWN,KBNA,KMQY,KM91,72327313827"
nashville tennessee,2020-12-10,69.8,36.8,51.4,69.8,36.8,51.3,35.8,59.41,0,0,0,0,18.3,11.2,131.7,1017.9,12,9.6,2020-12-10T06:47:46,2020-12-10T16:32:37,0.89,Clear,Clear conditions throughout the day.,Clear,"72327013897,KJWN,KBNA,KMQY,KM91,72327313827"
nashville tennessee,2020-12-11,64.9,38,54,64.9,34.7,53.1,42.1,64.91,0,0,0,0,20.8,15.3,160.7,1017.2,42.1,9.8,2020-12-11T06:48:31,2020-12-11T16:32:48,0.94,Clear,Partly cloudy throughout the day.,Clear,"72327013897,KJWN,KBNA,KMQY,KM91,72327313827"
nashville tennessee,2020-12-12,67.1,44.6,57.9,67.1,41.6,57.5,48.7,72.71,0.14,29.17,0,0,27.5,15.1,224.5,1013.8,70.1,9.6,2020-12-12T06:49:15,2020-12-12T16:33:01,0.97,Rain,Partly cloudy throughout the day with rain clearing later.,Rain,"72327013897,KJWN,KBNA,KMQY,KM91,72327313827"
nashville tennessee,2020-12-13,51.2,35.5,43.6,51.2,33.2,41.7,35.8,75.19,0.29,12.5,0,0,18.3,13.6,132,1019.8,60.6,8.4,2020-12-13T06:49:57,2020-12-13T16:33:16,1,Rain,Partly cloudy throughout the day with late afternoon rain.,Rain,"72327013897,KJWN,KBNA,KMQY,KM91,72327313827"
nashville tennessee,2020-12-14,41.6,31.4,36.6,36.1,24.9,29.8,31,80.37,0.95,29.17,0,0,27.8,14.5,231.3,1022.3,100,9.1,2020-12-14T06:50:38,2020-12-14T16:33:33,1,Rain,Cloudy skies throughout the day with rain clearing later.,Rain,"72327013897,KJWN,KBNA,KMQY,KM91,72327313827"
nashville tennessee,2020-12-15,45.6,30.4,38.6,44,23.2,34.1,29.8,70.85,0,4.17,0,0,15,9.8,76.8,1021.2,81.2,9.9,2020-12-15T06:51:18,2020-12-15T16:33:52,0,Clear,Partly cloudy throughout the day.,Clear,"72327013897,KJWN,KBNA,KMQY,KM91,72327313827"
nashville tennessee,2020-12-16,42.9,34.5,39.6,42.9,26.9,35.7,36.2,87.3,0.2,41.67,0,0,17.2,10.4,209.6,1014.8,99.7,6.1,2020-12-16T06:51:56,2020-12-16T16:34:12,0.02,Rain,Cloudy skies throughout the day with a chance of rain throughout the day.,Rain,"72327013897,KJWN,KBNA,KMQY,KM91,72327313827"
nashville tennessee,2020-12-17,38.9,27.2,32.6,34.3,23.4,28.5,23,68.61,0,0,0,0,13.9,11.1,253.8,1023.2,45.6,9.7,2020-12-17T06:52:33,2020-12-17T16:34:35,0.05,Clear,Partly cloudy throughout the day.,Clear,"72327013897,KJWN,KBNA,KMQY,KM91,72327313827"
nashville tennessee,2020-12-18,44.7,22.9,33.1,43.3,22.9,32.4,24.5,72.61,0,0,0,0,11.4,6.5,67,1029.5,29,8.6,2020-12-18T06:53:08,2020-12-18T16:34:59,0.09,Clear,Partly cloudy throughout the day.,Clear,"72327013897,KJWN,KBNA,KMQY,KM91,72327313827"
nashville tennessee,2020-12-19,50.6,29.3,40.5,50.6,27,38.8,31.2,71.1,0.26,25,0,0,19.7,13.2,143.7,1023.6,81.5,9.3,2020-12-19T06:53:42,2020-12-19T16:35:26,0.13,Rain,Partly cloudy throughout the day with late afternoon rain.,Rain,"72327013897,KJWN,KBNA,KMQY,KM91,72327313827"
nashville tennessee,2020-12-20,49.1,32.5,43.1,49,32.5,42.1,39.4,87.22,0.13,20.83,0,0,,6.4,169.3,1017.4,71.3,6.7,2020-12-20T06:54:14,2020-12-20T16:35:54,0.18,Rain,Partly cloudy throughout the day with rain clearing later.,Rain,"72327013897,KJWN,KBNA,KMQY,KM91,72327313827"
nashville tennessee,2020-12-21,59.6,31.9,46.5,59.6,28.3,44.6,35.6,69.14,0,0,0,0,27.8,14.8,234,1016.6,42.9,8.4,2020-12-21T06:54:44,2020-12-21T16:36:24,0.23,Clear,Clearing in the afternoon.,Clear,"72327013897,KJWN,KBNA,KMQY,KM91,72327313827"
nashville tennessee,2020-12-22,54.6,36.9,46.5,54.6,34.2,45.1,27.2,48.06,0,0,0,0,13.9,8.5,166.2,1024,2.8,9.9,2020-12-22T06:55:13,2020-12-22T16:36:55,0.28,Clear,Clear conditions throughout the day.,Clear,"72327013897,KJWN,KBNA,KMQY,KM91,72327313827"
nashville tennessee,2020-12-23,60.9,35.6,49.7,60.9,32.2,47.9,32.4,53.97,0.32,20.83,0,0,32.7,21.6,143.7,1016.7,67,9.5,2020-12-23T06:55:40,2020-12-23T16:37:28,0.32,Rain,Partly cloudy throughout the day with late afternoon rain.,Rain,"72327013897,KJWN,KBNA,KMQY,KM91,72327313827"
nashville tennessee,2020-12-24,49.9,25,36.2,47.6,15.3,28.2,25.5,66,0.32,20.83,0,0,31.7,16.9,288.7,1012.1,98,9.2,2020-12-24T06:56:05,2020-12-24T16:38:03,0.37,Rain,Cloudy skies throughout the day with rain.,Rain,"72327013897,KJWN,KBNA,KMQY,KM91,72327313827"
nashville tennessee,2020-12-25,25.6,17.8,21.3,20.3,7.2,12.2,7.1,54.62,0,0,0,0,21.9,13.9,251.3,1019.9,49.9,9.8,2020-12-25T06:56:29,2020-12-25T16:38:40,0.4,Clear,Partly cloudy throughout the day.,Clear,"72327013897,KJWN,KBNA,KMQY,KM91,72327313827"
nashville tennessee,2020-12-26,50.7,16.6,32.6,50.7,9.7,28.2,17.7,56.58,0,0,0,0,17.2,11.2,144.8,1020.9,7.9,9.9,2020-12-26T06:56:51,2020-12-26T16:39:18,0.44,Clear,Clear conditions throughout the day.,Clear,"72327013897,KJWN,KBNA,KM91,KMQY,72327313827"
nashville tennessee,2020-12-27,60.9,31.4,46.4,60.9,27.1,45.8,27.2,50.11,0,0,0,0,32.3,20.7,137,1018.5,35.5,9.9,2020-12-27T06:57:10,2020-12-27T16:39:57,0.47,Clear,Partly cloudy throughout the day.,Clear,"72327013897,KJWN,KBNA,KM91,KMQY,72327313827"
nashville tennessee,2020-12-28,53.7,33.7,47.4,53.7,29.4,45.2,33.1,58.43,0,0,0,0,29.2,19.3,227.9,1025.4,67.4,9.9,2020-12-28T06:57:28,2020-12-28T16:40:38,0.49,Clear,Partly cloudy throughout the day.,Clear,"72327013897,KJWN,KBNA,KM91,KMQY,72327313827"
nashville tennessee,2020-12-29,48.9,27.9,37.3,46.9,21.5,33.8,27.8,69.82,0,0,0,0,,8.7,69.4,1029.6,31.2,8.9,2020-12-29T06:57:45,2020-12-29T16:41:21,0.5,Clear,Partly cloudy throughout the day.,Clear,"72327013897,KJWN,KBNA,KMQY,KM91,72327313827"
nashville tennessee,2020-12-30,66.4,35.3,55.2,66.4,29.9,54,43.2,65.23,0.18,16.67,0,0,34.8,22.3,177.8,1019.4,70.3,9.1,2020-12-30T06:57:59,2020-12-30T16:42:05,0.5,Rain,Partly cloudy throughout the day with late afternoon rain.,Rain,"72327013897,KJWN,KBNA,KM91,KMQY,72327313827"
nashville tennessee,2020-12-31,43.9,38.4,40.5,38.4,31.8,35.1,38.1,91.18,0.98,45.83,0,0,27.7,15.1,129.3,1021.6,98.3,7.6,2020-12-31T06:58:11,2020-12-31T16:42:50,0.51,Rain,Cloudy skies throughout the day with rain clearing later.,Rain,"72327013897,KJWN,KBNA,KMQY,KM91,72327313827"
nashville tennessee,2021-01-01,73.8,44.2,56.8,73.8,42,55.8,47.4,74.24,0.49,45.83,0,0,39.5,22.4,164.8,1011.9,71.8,8.7,2021-01-01T06:58:22,2021-01-01T16:43:36,0.53,Rain,Partly cloudy throughout the day with rain clearing later.,Rain,"72327013897,KJWN,KBNA,KMQY,KM91,72327313827"
nashville tennessee,2021-01-02,51.3,43.6,47.2,51.3,39.3,45.4,37.7,69.84,0,0,0,0,,8.8,216.3,1016.8,98.2,9.8,2021-01-02T06:58:30,2021-01-02T16:44:24,0.56,Clear,Cloudy skies throughout the day.,Clear,"72327013897,KJWN,KBNA,KMQY,KM91,72327313827"
nashville tennessee,2021-01-03,48.5,32.4,40.6,45.5,30.4,37,31.8,72.18,0.06,16.67,0,0,17.2,11.8,220,1018.7,60,9.8,2021-01-03T06:58:37,2021-01-03T16:45:13,0.6,Rain,Partly cloudy throughout the day with rain clearing later.,Rain,"72327013897,KJWN,KBNA,KMQY,KM91,72327313827"
nashville tennessee,2021-01-04,55.8,28.7,42.4,55.8,28.4,41.9,34.2,74.23,0,0,0,0,,8.1,176.5,1017.5,42.8,9.9,2021-01-04T06:58:41,2021-01-04T16:46:04,0.65,Clear,Partly cloudy throughout the day.,Clear,"72327013897,KJWN,KBNA,KMQY,KM91,72327313827"
nashville tennessee,2021-01-05,51.1,34.6,43.4,51.1,32.3,40.1,31.8,65.24,0,0,0,0,23.8,12.6,268.7,1020,48.1,9.8,2021-01-05T06:58:44,2021-01-05T16:46:55,0.7,Clear,Clearing in the afternoon.,Clear,"72327013897,KJWN,KBNA,KMQY,KM91,72327313827"
nashville tennessee,2021-01-06,47.4,29.5,37,43.4,23.9,32.9,28.2,71.83,0,0,0,0,12.8,9.1,74.4,1025.1,34.8,9.7,2021-01-06T06:58:45,2021-01-06T16:47:47,0.76,Clear,Partly cloudy throughout the day.,Clear,"72327013897,KJWN,KBNA,KMQY,KM91,72327313827"
nashville tennessee,2021-01-07,40.9,35.7,37.9,34.9,28.1,31.4,28.6,69.09,0,0,0,0,21.9,14,59.4,1019.5,80.8,9.9,2021-01-07T06:58:44,2021-01-07T16:48:41,0.82,Clear,Partly cloudy throughout the day.,Clear,"72327013897,KJWN,KBNA,KMQY,KM91,72327313827"
nashville tennessee,2021-01-08,38.2,33.9,36.5,31,26.1,28.9,26.9,68.08,0,0,0,0,23,13.2,285.5,1019.8,100,9.9,2021-01-08T06:58:40,2021-01-08T16:49:35,0.87,Clear,Cloudy skies throughout the day.,Clear,"72327013897,KJWN,KBNA,KMQY,KM91,72327313827"
nashville tennessee,2021-01-09,34.5,31.3,33.4,28.4,22.8,26.2,22.2,63.17,0,0,0,0,15,11.2,275.7,1025.5,100,9.9,2021-01-09T06:58:35,2021-01-09T16:50:30,0.92,Clear,Cloudy skies throughout the day.,Clear,"72327013897,KJWN,KBNA,KMQY,KM91,72327313827"
nashville tennessee,2021-01-10,37.8,29.3,32,37.8,21.9,27.5,20.6,62.77,0,0,0,0,,7.8,129,1028.3,72.4,9.9,2021-01-10T06:58:28,2021-01-10T16:51:27,0.96,Clear,Partly cloudy throughout the day.,Clear,"72327013897,KJWN,KBNA,KMQY,KM91,72327313827"
nashville tennessee,2021-01-11,33.9,29.9,31.3,28.8,22.5,25.9,24,74.04,0.01,4.17,0,0,,7.9,195.3,1027.6,94.7,7.5,2021-01-11T06:58:19,2021-01-11T16:52:24,0.99,Snow,Cloudy skies throughout the day with late afternoon rain.,Snow,"72327013897,KJWN,KBNA,KMQY,KM91,72327313827"
nashville tennessee,2021-01-12,42.1,25.6,31.2,39.9,19.2,27.8,22.8,72.2,0,0,0.38,0.38,,8.2,249.3,1027,45.5,8.2,2021-01-12T06:58:07,2021-01-12T16:53:21,1,Clear,Clearing in the afternoon.,Snow,"72327013897,KJWN,KBNA,KMQY,KM91,72327313827"
nashville tennessee,2021-01-13,50.5,21.5,35,50.5,17.3,31.6,25.1,69.84,0,0,0,0.13,19.8,11.7,164.8,1019.7,9.2,9,2021-01-13T06:57:54,2021-01-13T16:54:20,0,Clear,Clear conditions throughout the day.,Clear,"72327013897,KJWN,KBNA,KMQY,KM91,72327313827"
nashville tennessee,2021-01-14,58.1,31.2,44.5,58.1,25.2,41.3,32,64.43,0,4.17,0,0,30.6,17.2,183.8,1009.2,42.2,9.4,2021-01-14T06:57:39,2021-01-14T16:55:19,0.01,Clear,Partly cloudy throughout the day.,Clear,"72327013897,KJWN,KBNA,KMQY,KM91,72327313827"
nashville tennessee,2021-01-15,49.1,32.7,40.6,43.2,26.9,35.3,27.7,64.94,0.04,8.33,0,0,33.1,16.5,223.1,1005.9,64.2,9.9,2021-01-15T06:57:22,2021-01-15T16:56:19,0.03,Rain,Partly cloudy throughout the day with early morning rain.,Rain,"72327013897,KJWN,KBNA,KMQY,KM91,72327313827"
nashville tennessee,2021-01-16,40.9,34.5,37.5,35.2,26.1,30.9,27,66.34,0,0,0,0,24.8,13.4,249.3,1010.4,97.6,9.6,2021-01-16T06:57:03,2021-01-16T16:57:19,0.06,Clear,Cloudy skies throughout the day.,Clear,"72327013897,KJWN,KBNA,KMQY,KM91,72327313827"
nashville tennessee,2021-01-17,49.2,37.7,41.7,44.4,32,36.8,25,52.92,0,0,0,0,24,13.3,241.7,1012.2,94.2,9.9,2021-01-17T06:56:42,2021-01-17T16:58:20,0.1,Clear,Cloudy skies throughout the day.,Clear,"72327013897,KJWN,KBNA,KMQY,KM91,72327313827"
nashville tennessee,2021-01-18,52.5,34.2,42.7,52.5,31.9,40.3,27.1,56.74,0,0,0,0,21.7,12.1,222.8,1018,65.8,9.9,2021-01-18T06:56:20,2021-01-18T16:59:21,0.14,Clear,Partly cloudy throughout the day.,Clear,"72327013897,KJWN,KBNA,KMQY,KM91,72327313827"
nashville tennessee,2021-01-19,59.4,43.6,50.5,59.4,41.2,48.7,26.3,39.5,0,0,0,0,17.2,11.5,258.4,1024,68,9.9,2021-01-19T06:55:55,2021-01-19T17:00:23,0.19,Clear,Partly cloudy throughout the day.,Clear,"72327013897,KJWN,KBNA,KMQY,KM91,72327313827"
nashville tennessee,2021-01-20,47.9,33.1,42.1,46.8,31.6,39.1,24.1,50.15,0.03,4.17,0,0,18.3,11.8,272.5,1025.6,42.2,9.8,2021-01-20T06:55:28,2021-01-20T17:01:25,0.23,Rain,Partly cloudy throughout the day with late afternoon rain.,Rain,"72327013897,KJWN,KBNA,KMQY,KM91,72327313827"
nashville tennessee,2021-01-21,48.5,38.7,42.4,48.5,36,41,37.7,84.13,0.2,37.5,0,0,,5.8,180.9,1016,83.4,7.8,2021-01-21T06:55:00,2021-01-21T17:02:28,0.28,Rain,Partly cloudy throughout the day with rain clearing later.,Rain,"72327013897,KJWN,KBNA,KMQY,KM91,72327313827"
nashville tennessee,2021-01-22,49.9,31.5,39.2,45.6,26.5,36,27.4,66.23,0,0,0,0,21.9,12,233.9,1019.1,33,7.3,2021-01-22T06:54:30,2021-01-22T17:03:31,0.33,Clear,Clearing in the afternoon.,Clear,"72327013897,KJWN,KBNA,KMQY,KM91,72327313827"
nashville tennessee,2021-01-23,46.9,26.6,36.9,42.8,19.3,31.9,14.5,42.15,0,0,0,0,15,11,47.2,1025.3,34,9.9,2021-01-23T06:53:57,2021-01-23T17:04:34,0.37,Clear,Becoming cloudy in the afternoon.,Clear,"72327013897,KJWN,KBNA,KMQY,KM91,72327313827"
nashville tennessee,2021-01-24,53.1,37.7,45.4,53.1,32.9,44.1,32.4,63.04,0.03,8.33,0,0,13.9,8.2,132.7,1019.3,92.2,8,2021-01-24T06:53:24,2021-01-24T17:05:37,0.41,Rain,Cloudy skies throughout the day with rain.,Rain,"72327013897,KJWN,KBNA,KMQY,KM91,72327313827"
nashville tennessee,2021-01-25,66.3,47.3,56.1,66.3,45.7,55.7,53.4,90.92,1.34,91.67,0,0,31,16.4,136,1008.1,92.2,5.1,2021-01-25T06:52:48,2021-01-25T17:06:41,0.44,Rain,Cloudy skies throughout the day with a chance of rain throughout the day.,Rain,"72327013897,KJWN,KBNA,KMQY,KM91,72327313827"
nashville tennessee,2021-01-26,65.3,41,56.1,65.3,37.3,55.2,44.2,66.39,0,0,0,0,24,15.3,248.7,1011.8,28.8,9.9,2021-01-26T06:52:10,2021-01-26T17:07:44,0.47,Clear,Partly cloudy throughout the day.,Clear,"72327013897,KJWN,KBNA,KMQY,KM91,72327313827"
nashville tennessee,2021-01-27,42.9,33.9,38.1,36.8,25,31.3,30,72.81,0.02,4.17,0,0,23.6,14.7,188.8,1021.9,71.3,9.6,2021-01-27T06:51:31,2021-01-27T17:08:48,0.49,Rain,Partly cloudy throughout the day with afternoon rain.,Rain,"72327013897,KJWN,KBNA,KMQY,KM91,72327313827"
nashville tennessee,2021-01-28,37.6,27.5,32.3,30.5,18.9,24.5,20.6,62.57,0,0,0,0,23.4,14.3,249.3,1035,52.8,9.9,2021-01-28T06:50:50,2021-01-28T17:09:52,0.5,Clear,Partly cloudy throughout the day.,Clear,"72327013897,KJWN,KBNA,KMQY,KM91,72327313827"
nashville tennessee,2021-01-29,44.9,24.7,33.3,44.2,19,30.2,18.9,57.56,0,0,0,0,15,7.9,45.8,1030,29.7,9.9,2021-01-29T06:50:08,2021-01-29T17:10:56,0.51,Clear,Partly cloudy throughout the day.,Clear,"72327013897,KJWN,KBNA,KMQY,KM91,72327313827"
nashville tennessee,2021-01-30,50.7,32.4,42,50.7,28.2,37.8,27.9,58.2,0.19,25,0,0,29.1,16.9,127,1018.6,89.6,9.5,2021-01-30T06:49:24,2021-01-30T17:12:00,0.52,Rain,Partly cloudy throughout the day with rain.,Rain,"72327013897,KJWN,KBNA,KMQY,KM91,72327313827"
nashville tennessee,2021-01-31,56.3,37.1,47.2,56.3,28.6,42.7,40.4,77.37,0.09,16.67,0,0,32.1,18.8,259.8,1010.8,93.7,9.5,2021-01-31T06:48:38,2021-01-31T17:13:04,0.54,Rain,Cloudy skies throughout the day with rain clearing later.,Rain,"72327013897,KJWN,KBNA,KMQY,KM91,72327313827"
nashville tennessee,2021-02-01,39.5,31.9,35.3,30.5,23.3,26.3,26.5,70.71,0.02,12.5,0,0,30,20.8,319.2,1019.6,91.3,8.3,2021-02-01T06:47:50,2021-02-01T17:14:07,0.59,Rain,Cloudy skies throughout the day with rain clearing later.,Rain,"72327013897,KJWN,KBNA,KMQY,KM91,72327313827"
nashville tennessee,2021-02-02,40.9,28.1,33.5,33.4,19.4,24.8,20.9,60.23,0,0,0,0,26.4,15.6,326.6,1022.9,78.7,9.9,2021-02-02T06:47:01,2021-02-02T17:15:11,0.63,Clear,Partly cloudy throughout the day.,Clear,"72327013897,KJWN,KBNA,KMQY,KM91,72327313827"
nashville tennessee,2021-02-03,44.7,26.2,34.7,44.1,20.1,31,20.7,57.92,0,0,0,0,,7.9,219.7,1021.4,23.6,9.9,2021-02-03T06:46:11,2021-02-03T17:16:15,0.68,Clear,Partly cloudy throughout the day.,Clear,"72327013897,KJWN,KBNA,KMQY,KM91,72327313827"
nashville tennessee,2021-02-04,53.8,26.5,41.4,53.8,25.8,38.6,29.5,65.48,0.15,20.83,0,0,38.2,21,148.8,1011,74.2,9,2021-02-04T06:45:19,2021-02-04T17:17:18,0.74,Rain,Partly cloudy throughout the day with late afternoon rain.,Rain,"72327013897,KJWN,KBNA,KMQY,KM91,72327313827"
nashville tennessee,2021-02-05,49.2,28.4,38.8,45.8,23.8,34.4,23.9,57.93,0,0,0,0,24.1,11.9,227.3,1014.2,36.7,9.9,2021-02-05T06:44:25,2021-02-05T17:18:22,0.8,Clear,Partly cloudy throughout the day.,Clear,"72327013897,KJWN,KBNA,KMQY,KM91,72327313827"
nashville tennessee,2021-02-06,48.8,33.1,40.4,46.4,30.7,38.9,27.6,61.39,0.02,8.33,0,0,12.8,7.5,108.3,1016.9,71.9,9.9,2021-02-06T06:43:30,2021-02-06T17:19:25,0.85,Rain,Partly cloudy throughout the day with late afternoon rain.,Rain,"72327013897,KJWN,KBNA,KMQY,KM91,72327313827"
nashville tennessee,2021-02-07,40.2,26.9,32.1,34.3,18.6,25.9,25.2,76.15,0.14,20.83,0,0,19.7,13.2,183.8,1021,70.1,9.2,2021-02-07T06:42:34,2021-02-07T17:20:28,0.9,Rain,Partly cloudy throughout the day with early morning rain.,Rain,"72327013897,KJWN,KBNA,KMQY,KM91,72327313827"
nashville tennessee,2021-02-08,48.5,25.6,35.9,45,25.4,34.3,29.7,78.7,0,0,0,0,12.8,8,82.7,1023.4,68.6,8.7,2021-02-08T06:41:36,2021-02-08T17:21:30,0.94,Clear,Partly cloudy throughout the day.,Clear,"72327013897,KJWN,KBNA,KMQY,KM91,72327313827"
nashville tennessee,2021-02-09,54.9,34.3,44.1,54.9,30.5,42.5,36.3,75.11,0,0,0,0,15,10.5,143.9,1021.6,91,9.1,2021-02-09T06:40:37,2021-02-09T17:22:33,0.97,Clear,Cloudy skies throughout the day.,Clear,"72327013897,KJWN,KBNA,KMQY,KM91,72327313827"
nashville tennessee,2021-02-10,61.8,37.2,45.5,61.8,32,43.1,37.7,75.06,0.04,25,0,0,15,12.2,215,1020.4,94.9,8.4,2021-02-10T06:39:36,2021-02-10T17:23:35,1,Rain,Cloudy skies throughout the day with late afternoon rain.,Rain,"72327013897,KJWN,KBNA,KMQY,KM91,72327313827"
nashville tennessee,2021-02-11,36.6,30.5,33.1,30.4,21.3,25.3,30.1,88.32,0.31,41.67,0,0,20.8,13.8,81.6,1020.4,99.7,5.9,2021-02-11T06:38:34,2021-02-11T17:24:37,1,Rain,Cloudy skies throughout the day with a chance of rain throughout the day.,Rain,"72327013897,KJWN,KBNA,KMQY,KM91,72327313827"
nashville tennessee,2021-02-12,30,27.6,28.9,23.3,18.3,20.3,25.1,85.87,0,0,0,0,18.3,12.2,237.1,1022.9,99.8,4.5,2021-02-12T06:37:31,2021-02-12T17:25:39,0,Clear,Cloudy skies throughout the day.,Clear,"72327013897,KJWN,KBNA,KMQY,KM91,72327313827"
nashville tennessee,2021-02-13,28.7,23.2,27.4,21,12.6,18.5,23.6,85.57,0,0,0,0,22.6,13.9,330.7,1021.6,98.7,3.2,2021-02-13T06:36:27,2021-02-13T17:26:40,0.02,Clear,Cloudy skies throughout the day.,Clear,"72327013897,KJWN,KBNA,KMQY,KM91,72327313827"
nashville tennessee,2021-02-14,25.6,22.4,23.8,16.1,11,13.4,20.5,86.81,0.11,12.5,0,0,27.3,12.6,319.4,1023.7,99.5,2.6,2021-02-14T06:35:21,2021-02-14T17:27:41,0.04,Snow,Cloudy skies throughout the day with late afternoon rain.,Snow,"72327013897,KJWN,KBNA,KMQY,KM91,72327313827"
nashville tennessee,2021-02-15,25.2,15.9,23,16.2,4,12.5,19.3,85.58,0.66,54.17,0.67,0.67,27.7,14.1,244.2,1015.7,95.7,3.5,2021-02-15T06:34:15,2021-02-15T17:28:42,0.07,Snow,Cloudy skies throughout the day with a chance of rain or snow throughout the day.,Snow,"72327013897,KJWN,KBNA,KMQY,KM91,72327313827"
nashville tennessee,2021-02-16,17.3,10.2,14.4,17.3,-3.3,5.3,7.4,73.34,0,0,0.16,0.83,19.7,11.4,224.4,1022.6,99.9,7.9,2021-02-16T06:33:07,2021-02-16T17:29:43,0.1,Clear,Cloudy skies throughout the day.,Snow,"72327013897,KJWN,KBNA,KMQY,KM91,72327313827"
nashville tennessee,2021-02-17,27.5,14.6,22,24.2,4.3,14.6,16.3,78.57,0.25,37.5,1.63,2.46,15,8.6,40.5,1025.3,88.1,7.3,2021-02-17T06:31:58,2021-02-17T17:30:43,0.14,Snow,Partly cloudy throughout the day with rain or snow.,Snow,"72327013897,KJWN,KBNA,KMQY,KM91,72327313827"
nashville tennessee,2021-02-18,30,23.1,28.2,22.7,13.7,20.5,23.9,83.95,0.09,50,1.09,3.54,31.4,12.1,305.3,1023.1,96.5,5.7,2021-02-18T06:30:48,2021-02-18T17:31:43,0.19,Snow,Cloudy skies throughout the day with a chance of rain or snow throughout the day.,Snow,"72327013897,KJWN,KBNA,KMQY,KM91,72327313827"
nashville tennessee,2021-02-19,33.7,14,23.1,28,4.9,17.5,14.6,70.18,0,0,0.07,3.61,,8.6,226.8,1029.5,21.7,9.5,2021-02-19T06:29:37,2021-02-19T17:32:42,0.24,Clear,Partly cloudy throughout the day.,Snow,"72327013897,KJWN,KBNA,KMQY,KM91,72327313827"
nashville tennessee,2021-02-20,40.2,13.7,27.1,37.5,13.7,25.4,16.8,67.72,0,0,0.14,2.62,12.8,5.6,91,1031,9.4,8.3,2021-02-20T06:28:25,2021-02-20T17:33:41,0.28,Clear,Clear conditions throughout the day.,Snow,"72327013897,KJWN,KBNA,KMQY,KM91,72327313827"
nashville tennessee,2021-02-21,55.2,23.9,40.8,55.2,21.7,39.4,24.4,57.42,0,0,0.7,2.33,28.6,18.3,116.3,1025.4,38.7,8.9,2021-02-21T06:27:12,2021-02-21T17:34:40,0.33,Clear,Partly cloudy throughout the day.,Snow,"72327013897,KJWN,KBNA,KMQY,KM91,72327313827"
nashville tennessee,2021-02-22,55.1,38,47.6,55.1,35.9,45.2,30.7,55.08,0.13,20.83,0.09,0.95,31.9,16.4,247.7,1017.7,54.5,9.5,2021-02-22T06:25:58,2021-02-22T17:35:39,0.38,Snow,Clearing in the afternoon with early morning snow or rain.,Snow,"72327013897,KJWN,KBNA,KMQY,KM91,72327313827"
nashville tennessee,2021-02-23,68.6,39.5,53.2,68.6,34.8,51.7,29.3,41.53,0,0,0,0.13,20.8,12.9,222.7,1016.5,0.1,9.9,2021-02-23T06:24:43,2021-02-23T17:36:37,0.42,Clear,Clear conditions throughout the day.,Clear,"72327013897,KJWN,KBNA,KMQY,KM91,72327313827"
nashville tennessee,2021-02-24,73.6,42.7,58.8,73.6,39.5,58.1,33.7,42.07,0,0,0,0,27.7,16.2,220.9,1016.2,40.3,9.9,2021-02-24T06:23:27,2021-02-24T17:37:35,0.45,Clear,Becoming cloudy in the afternoon.,Clear,"72327013897,KJWN,KBNA,KMQY,KM91,72327313827"
nashville tennessee,2021-02-25,59.5,40.4,50.7,59.5,36.6,48.8,32.8,51.9,0,0,0,0,18.3,11.8,198.8,1024.3,42.4,9.9,2021-02-25T06:22:10,2021-02-25T17:38:32,0.48,Clear,Partly cloudy throughout the day.,Clear,"72327013897,KJWN,KBNA,KMQY,KM91,72327313827"
nashville tennessee,2021-02-26,58.1,45.5,51,58.1,41.9,49.2,41.3,70.95,0.3,29.17,0,0,13.9,9.5,110.5,1018.4,96,9.1,2021-02-26T06:20:53,2021-02-26T17:39:29,0.5,Rain,Cloudy skies throughout the day with rain.,Rain,"72327013897,KJWN,KBNA,KMQY,KM91,72327313827"
nashville tennessee,2021-02-27,59.6,54.6,56.8,59.6,54.6,56.8,54.5,92.14,1.67,83.33,0,0,25.3,11.4,141.1,1017.5,97.1,6.4,2021-02-27T06:19:35,2021-02-27T17:40:26,0.5,Rain,Cloudy skies throughout the day with a chance of rain throughout the day.,Rain,"72327013897,KJWN,KBNA,KMQY,KM91,72327313827"
nashville tennessee,2021-02-28,73.7,56.9,66.8,73.7,56.9,66.8,60.5,80.88,0.87,41.67,0,0,31,17.9,205.3,1013.3,93.4,8.4,2021-02-28T06:18:16,2021-02-28T17:41:23,0.51,Rain,Cloudy skies throughout the day with a chance of rain throughout the day.,Rain,"72327013897,KJWN,KBNA,KMQY,KM91,72327313827"
nashville tennessee,2021-03-01,57.5,39.5,46.6,57.5,33.9,42.6,36.3,68.54,0.69,45.83,0,0,28,13.4,310.4,1021.6,70.6,9.1,2021-03-01T06:16:56,2021-03-01T17:42:19,0.53,Rain,Partly cloudy throughout the day with rain clearing later.,Rain,"72327013897,KJWN,KBNA,KMQY,KM91,72327313827"
nashville tennessee,2021-03-02,52,34.9,43.4,52,29.7,40.5,26.2,52.06,0,0,0,0,11.4,8.8,116.4,1024,47.2,9.9,2021-03-02T06:15:36,2021-03-02T17:43:15,0.57,Clear,Partly cloudy throughout the day.,Clear,"72327013897,KJWN,KBNA,KMQY,KM91,72327313827"
nashville tennessee,2021-03-03,62.7,32.1,47.4,62.7,32.1,47.4,28.8,52.78,0,0,0,0,12.8,6.1,193.6,1019.8,0.2,9.9,2021-03-03T06:14:15,2021-03-03T17:44:10,0.61,Clear,Clear conditions throughout the day.,Clear,"72327013897,KJWN,KBNA,KMQY,KM91,72327313827"
nashville tennessee,2021-03-04,68.6,35.4,51.5,68.6,35.4,51.3,32.8,53.96,0,0,0,0,17.2,10.2,67.3,1020.5,0.3,9.9,2021-03-04T06:12:54,2021-03-04T17:45:05,0.67,Clear,Clear conditions throughout the day.,Clear,"72327013897,KJWN,KBNA,KMQY,KM91,72327313827"
nashville tennessee,2021-03-05,48.5,37.1,43.9,45.4,29.7,38.6,20.9,40.81,0,0,0,0,19.9,13.8,28.1,1023.6,42.8,9.9,2021-03-05T06:11:32,2021-03-05T17:46:00,0.72,Clear,Partly cloudy throughout the day.,Clear,"72327013897,KJWN,KBNA,KMQY,KM91,72327313827"
nashville tennessee,2021-03-06,54.5,35.1,44.7,54.5,30.3,42,18.7,37.41,0,0,0,0,24.1,17.3,87.7,1026,20.7,9.9,2021-03-06T06:10:09,2021-03-06T17:46:55,0.78,Clear,Partly cloudy throughout the day.,Clear,"72327013897,KJWN,KBNA,KMQY,KM91,72327313827"
nashville tennessee,2021-03-07,61.4,29.1,45.4,61.4,27.5,45.1,25.4,50.51,0,0,0,0,19.7,8.9,89.9,1030,11,9.9,2021-03-07T06:08:46,2021-03-07T17:47:49,0.83,Clear,Clear conditions throughout the day.,Clear,"72327013897,KJWN,KBNA,KMQY,KM91,72327313827"
nashville tennessee,2021-03-08,69.2,30.9,50.3,69.2,30.9,50.1,26.4,46.92,0,0,0,0,18.8,10.5,128.7,1032.1,14.7,9.9,2021-03-08T06:07:22,2021-03-08T17:48:43,0.88,Clear,Clear conditions throughout the day.,Clear,"72327013897,KJWN,KBNA,KMQY,KM91,72327313827"
nashville tennessee,2021-03-09,71.2,36.8,54.5,71.2,36.8,54.4,27.6,40.81,0,0,0,0,20.8,14.2,144.7,1029.3,34.5,9.8,2021-03-09T06:05:58,2021-03-09T17:49:37,0.93,Clear,Partly cloudy throughout the day.,Clear,"72327013897,KJWN,KBNA,KMQY,KM91,72327313827"
nashville tennessee,2021-03-10,71.7,50.5,61.6,71.7,50.5,61.6,39.2,43.76,0,0,0,0,27.5,16.4,176.3,1025.2,43.2,9.9,2021-03-10T06:04:34,2021-03-10T17:50:31,0.96,Clear,Partly cloudy throughout the day.,Clear,"72327013897,KJWN,KBNA,KMQY,KM91,72327313827"
nashville tennessee,2021-03-11,73.7,61.4,66.1,73.7,61.4,66.1,46.8,49.88,0,0,0,0,29.8,16.7,192.8,1023.9,86.8,9.9,2021-03-11T06:03:09,2021-03-11T17:51:24,0.99,Clear,Partly cloudy throughout the day.,Clear,"72327013897,KJWN,KBNA,KMQY,KM91,72327313827"
nashville tennessee,2021-03-12,68,56.3,62.4,68,56.3,62.4,54.7,77.25,0.18,50,0,0,17.2,9.7,174.3,1025.7,96.2,8,2021-03-12T06:01:43,2021-03-12T17:52:17,1,Rain,Cloudy skies throughout the day with rain.,Rain,"72327013897,KJWN,KBNA,KMQY,KM91,72327313827"
nashville tennessee,2021-03-13,56.3,52.5,54,56.3,52.5,54,48.6,81.95,0.27,54.17,0,0,11.4,9.2,52.7,1025.9,98.9,9.2,2021-03-13T06:00:18,2021-03-13T17:53:10,0,Rain,Cloudy skies throughout the day with a chance of rain throughout the day.,Rain,"72327013897,KJWN,KBNA,KMQY,KM91,72327313827"
nashville tennessee,2021-03-14,66.1,52.9,57.4,66.1,52.9,57.4,40.2,54.64,0.02,8.7,0,0,19.7,12.8,46.3,1020.9,91.2,9.8,2021-03-14T06:58:52,2021-03-14T18:54:03,0.01,Rain,Cloudy skies throughout the day with morning rain.,Rain,"72327013897,KJWN,KBNA,KMQY,KM91,72327313827"
nashville tennessee,2021-03-15,67.8,54.5,60.2,67.8,54.5,60.2,48.2,67.25,0.15,33.33,0,0,24.8,14.4,122.7,1014.7,82.1,9.2,2021-03-15T06:57:26,2021-03-15T18:54:55,0.02,Rain,Partly cloudy throughout the day with rain in the morning and afternoon.,Rain,"72327013897,KJWN,KBNA,KMQY,KM91,72327313827"
nashville tennessee,2021-03-16,77.2,57.9,65.4,77.2,57.9,65.4,53.4,69.43,0,0,0,0,19.7,10.2,185.5,1013,70.5,9.7,2021-03-16T06:55:59,2021-03-16T18:55:48,0.04,Clear,Partly cloudy throughout the day.,Clear,"72327013897,KJWN,KBNA,KMQY,KM91,72327313827"
nashville tennessee,2021-03-17,65.3,57.5,60.5,65.3,57.5,60.5,56.5,86.87,0.92,54.17,0,0,27.7,14,114.7,1011.4,87.3,7.1,2021-03-17T06:54:33,2021-03-17T18:56:40,0.07,Rain,Partly cloudy throughout the day with rain.,Rain,"72327013897,KJWN,KBNA,KMQY,KM91,72327313827"
nashville tennessee,2021-03-18,62.7,44.8,55.2,62.7,39.3,53.8,48,77.56,0.49,95.83,0,0,26.8,15.5,229.4,1005.8,89.9,9.7,2021-03-18T06:53:06,2021-03-18T18:57:32,0.11,Rain,Partly cloudy throughout the day with a chance of rain throughout the day.,Rain,"72327013897,KJWN,KBNA,KMQY,KM91,72327313827"
nashville tennessee,2021-03-19,52.6,41.6,46,52.6,34.1,41.4,34.8,67.4,0.04,25,0,0,26.3,16.1,66.2,1021.5,74.5,8.7,2021-03-19T06:51:39,2021-03-19T18:58:23,0.15,Rain,Partly cloudy throughout the day with early morning rain.,Rain,"72327013897,KJWN,KBNA,KMQY,KM91,72327313827"
nashville tennessee,2021-03-20,65.3,40.2,51.8,65.3,37.4,50.3,27.4,40.64,0,0,0,0,19.3,10.3,44.1,1028.6,27.9,9.9,2021-03-20T06:50:12,2021-03-20T18:59:15,0.2,Clear,Partly cloudy throughout the day.,Clear,"72327013897,KJWN,KBNA,KMQY,KM91,72327313827"
nashville tennessee,2021-03-21,67.3,34.4,52.3,67.3,31.5,52.1,33.4,53.08,0,0,0,0,18.3,7.8,89.7,1026,17.2,9.9,2021-03-21T06:48:45,2021-03-21T19:00:06,0.24,Clear,Clear conditions throughout the day.,Clear,"72327013897,KJWN,KBNA,KMQY,KM91,72327313827"
nashville tennessee,2021-03-22,70,45.9,58.4,70,45.9,58.4,41.6,56.76,0,0,0,0,16.1,9.4,89.7,1020.5,61.2,9.9,2021-03-22T06:47:18,2021-03-22T19:00:58,0.29,Clear,Partly cloudy throughout the day.,Clear,"72327013897,KJWN,KBNA,KMQY,KM91,72327313827"
nashville tennessee,2021-03-23,66.6,56.8,61.2,66.6,56.8,61.2,47.1,60.06,0.01,12.5,0,0,32.6,19.7,144.7,1013.1,85,9.9,2021-03-23T06:45:50,2021-03-23T19:01:49,0.34,Rain,Partly cloudy throughout the day with afternoon rain.,Rain,"72327013897,KJWN,KBNA,KMQY,KM91,72327313827"
nashville tennessee,2021-03-24,75.5,57,64.6,75.5,57,64.6,50,62.38,0,0,0,0,25.9,15.9,176.7,1012.1,46.1,9.9,2021-03-24T06:44:23,2021-03-24T19:02:40,0.39,Clear,Partly cloudy throughout the day.,Clear,"72327013897,KJWN,KBNA,KM91,KMQY,72327313827"
nashville tennessee,2021-03-25,72.3,53.7,62.5,72.3,53.7,62.5,56.3,80.51,1.25,75,0,0,39.1,19,122.8,1008.4,75,8.2,2021-03-25T06:42:56,2021-03-25T19:03:31,0.43,Rain,Partly cloudy throughout the day with rain.,Rain,"72327013897,KJWN,KBNA,KMQY,KM91,72327313827"
nashville tennessee,2021-03-26,72.5,50.5,61.2,72.5,50.5,61.2,46.8,61,0.09,58.33,0,0,24.5,11.5,202.9,1016.7,19.5,9.9,2021-03-26T06:41:29,2021-03-26T19:04:22,0.46,Rain,Clear conditions throughout the day with a chance of rain throughout the day.,Rain,"72327013897,KJWN,KBNA,KMQY,KM91,72327313827"
nashville tennessee,2021-03-27,64,51.7,58.6,64,51.7,58.6,54.9,87.78,2.12,79.17,0,0,36,12.1,133.9,1015.6,79.9,7.7,2021-03-27T06:40:02,2021-03-27T19:05:13,0.49,Rain,Partly cloudy throughout the day with a chance of rain throughout the day.,Rain,"72327013897,KJWN,KBNA,KMQY,KM91,72327313827"
nashville tennessee,2021-03-28,63.4,46.4,57.7,63.4,44.8,57.4,42.5,60.9,3.38,100,0,0,42.5,18.2,252.1,1016.1,63.7,8.3,2021-03-28T06:38:35,2021-03-28T19:06:04,0.5,Rain,Partly cloudy throughout the day with a chance of rain throughout the day.,Rain,"72327013897,KJWN,KBNA,KMQY,KM91,72327313827"
nashville tennessee,2021-03-29,64.2,35.7,50.2,64.2,35.7,50.1,32.2,55.23,0.23,100,0,0,13.9,8.1,87.4,1023.2,3,9.9,2021-03-29T06:37:08,2021-03-29T19:06:55,0.51,Rain,Clear conditions throughout the day with a chance of rain throughout the day.,Rain,"72327013897,KJWN,KBNA,KMQY,KM91,72327313827"
nashville tennessee,2021-03-30,76.2,46.3,61.9,76.2,44.3,61.6,41.6,49.25,0.14,95.83,0,0,32.8,18,145.8,1017.7,43.9,9.8,2021-03-30T06:35:41,2021-03-30T19:07:46,0.53,Rain,Partly cloudy throughout the day with a chance of rain throughout the day.,Rain,"72327013897,KJWN,KBNA,KMQY,KM91,72327313827"
nashville tennessee,2021-03-31,65.4,43.9,53.1,65.4,39.5,51.5,37.1,58.17,1.14,75,0,0,30.1,17.8,317.3,1020.8,78.2,8.9,2021-03-31T06:34:15,2021-03-31T19:08:36,0.55,Rain,Partly cloudy throughout the day with a chance of rain throughout the day.,Rain,"72327013897,KJWN,KBNA,KMQY,KM91,72327313827"
nashville tennessee,2021-04-01,47.8,34.6,41.4,42.3,28.4,35.1,18.8,40.13,0.04,29.17,0,0,27.5,16,333,1029.8,12,9.9,2021-04-01T06:32:49,2021-04-01T19:09:27,0.6,Rain,Clear conditions throughout the day with a chance of rain throughout the day.,Rain,"72327013897,KJWN,KBNA,KMQY,KM91,72327313827"
nashville tennessee,2021-04-02,51.4,30.7,41,51.4,25.5,37.2,19.6,44.1,0.05,33.33,0,0,18.3,9.6,82.6,1032.5,0.4,9.9,2021-04-02T06:31:23,2021-04-02T19:10:18,0.65,Rain,Clear conditions throughout the day with a chance of rain throughout the day.,Rain,"72327013897,KJWN,KBNA,KMQY,KM91,72327313827"
nashville tennessee,2021-04-03,65.9,31.1,48.6,65.9,29.9,48.4,25.4,47.18,0.06,37.5,0,0,15,7,143.3,1029.2,5.3,9.9,2021-04-03T06:29:57,2021-04-03T19:11:08,0.7,Rain,Clear conditions throughout the day with a chance of rain throughout the day.,Rain,"72327013897,KJWN,KBNA,KMQY,KM91,72327313827"
nashville tennessee,2021-04-04,73.7,39,57.6,73.7,39,57.4,32.5,42.85,0.03,20.83,0,0,13.9,7.5,161,1024.5,6.2,9.9,2021-04-04T06:28:32,2021-04-04T19:11:59,0.76,Rain,Clear conditions throughout the day with a chance of rain throughout the day.,Rain,"72327013897,KJWN,KBNA,KMQY,KM91,72327313827"
nashville tennessee,2021-04-05,78.2,46.5,62.7,78.2,46.5,62.7,39.2,45.93,0.01,8.33,0,0,18.8,12.3,153.3,1019.5,13.9,9.9,2021-04-05T06:27:07,2021-04-05T19:12:50,0.81,Rain,Clear conditions throughout the day with rain clearing later.,Rain,"72327013897,KJWN,KBNA,KMQY,KM91,72327313827"
nashville tennessee,2021-04-06,80.2,53.8,67.5,79.6,53.8,67.4,46.8,49.75,0,0,0,0,20.7,11.6,135.3,1016.7,48.2,9.9,2021-04-06T06:25:43,2021-04-06T19:13:40,0.86,Clear,Partly cloudy throughout the day.,Clear,"72327013897,KJWN,KBNA,KMQY,KM91,72327313827"
nashville tennessee,2021-04-07,80.1,57.1,70.5,80.5,57.1,70.5,54.1,56.92,0,4.17,0,0,26.7,17.6,157.3,1013.3,60.8,9.9,2021-04-07T06:24:18,2021-04-07T19:14:31,0.91,Clear,Partly cloudy throughout the day.,Clear,"72327013897,KJWN,KBNA,KM91,KMQY,72327313827"
nashville tennessee,2021-04-08,75.4,59.5,66.7,75.4,59.5,66.7,52.8,64.31,0.46,37.5,0,0,35.6,17.9,194.7,1007.2,81.5,9.1,2021-04-08T06:22:55,2021-04-08T19:15:22,0.94,Rain,Partly cloudy throughout the day with rain clearing later.,Rain,"72327013897,KJWN,KBNA,KMQY,KM91,72327313827"
nashville tennessee,2021-04-09,82.7,52,68.3,80.7,52,67.9,48.7,54.25,0,4.17,0,0,27.9,17.7,149.5,1010.1,32.3,9.9,2021-04-09T06:21:31,2021-04-09T19:16:13,0.97,Clear,Partly cloudy throughout the day.,Clear,"72327013897,KJWN,KBNA,KMQY,KM91,72327313827"
nashville tennessee,2021-04-10,71.8,61.5,65.7,71.8,61.5,65.7,54.4,68.26,0.19,29.17,0,0,32.4,18,196.4,1003.4,78.3,9.3,2021-04-10T06:20:09,2021-04-10T19:17:03,0.99,Rain,Partly cloudy throughout the day with rain in the morning and afternoon.,Rain,"72327013897,KJWN,KBNA,KMQY,KM91,72327313827"
nashville tennessee,2021-04-11,72.5,50.7,61.7,72.5,50.7,61.7,37.6,44.16,0,0,0,0,32,17.9,236.1,1003.3,13.1,9.9,2021-04-11T06:18:46,2021-04-11T19:17:54,1,Clear,Clear conditions throughout the day.,Clear,"72327013897,KJWN,KBNA,KMQY,KM91,72327313827"
nashville tennessee,2021-04-12,78.1,49.8,65,78.1,49.8,65,41.8,44.84,0,0,0,0,16.1,9.8,194.4,1010.4,6.7,9.9,2021-04-12T06:17:25,2021-04-12T19:18:45,0,Clear,Clear conditions throughout the day.,Clear,"72327013897,KJWN,KBNA,KMQY,KM91,72327313827"
nashville tennessee,2021-04-13,73.6,53.1,62.9,73.6,53.1,62.9,48,59.45,0,0,0,0,17.2,9.9,99.5,1017.6,58.3,9.9,2021-04-13T06:16:04,2021-04-13T19:19:36,0.01,Clear,Partly cloudy throughout the day.,Clear,"72327013897,KJWN,KBNA,KMQY,KM91,72327313827"
nashville tennessee,2021-04-14,60.8,53.1,57.3,60.8,53.1,57.3,43.5,59.91,0,0,0,0,16.1,10.9,276.5,1018.2,70,9.9,2021-04-14T06:14:43,2021-04-14T19:20:27,0.03,Clear,Partly cloudy throughout the day.,Clear,"72327013897,KJWN,KBNA,KMQY,KM91,72327313827"
nashville tennessee,2021-04-15,62.7,48.6,54.9,62.7,44,54.3,35.5,49.44,0,0,0,0,20.4,13.2,302.1,1016.4,45.6,9.9,2021-04-15T06:13:23,2021-04-15T19:21:18,0.05,Clear,Partly cloudy throughout the day.,Clear,"72327013897,KJWN,KBNA,KMQY,KM91,72327313827"
nashville tennessee,2021-04-16,65.1,40.5,54.3,65.1,40.5,54.2,35.4,51.96,0,0,0,0,12.8,5.8,107.5,1014.1,44.2,9.9,2021-04-16T06:12:04,2021-04-16T19:22:09,0.08,Clear,Partly cloudy throughout the day.,Clear,"72327013897,KJWN,KBNA,KMQY,KM91,72327313827"
nashville tennessee,2021-04-17,63.5,51.9,57,63.5,51.9,57,41.6,57.08,0,0,0,0,21.9,10.7,258.5,1012.8,91.1,9.9,2021-04-17T06:10:46,2021-04-17T19:23:00,0.12,Clear,Cloudy skies throughout the day.,Clear,"72327013897,KJWN,KBNA,KMQY,KM91,72327313827"
nashville tennessee,2021-04-18,64,42.2,55,64,42.2,55,42.3,64.97,0.01,4.17,0,0,13.9,6.8,226.6,1014.2,58.1,9.6,2021-04-18T06:09:28,2021-04-18T19:23:51,0.16,Rain,Partly cloudy throughout the day with late afternoon rain.,Rain,"72327013897,KJWN,KBNA,KMQY,KM91,72327313827"
nashville tennessee,2021-04-19,70.5,45.4,57.2,70.5,42.7,56.9,40.9,59.11,0,0,0,0,13.9,8.8,243.6,1014.9,31.2,9.7,2021-04-19T06:08:11,2021-04-19T19:24:43,0.21,Clear,Partly cloudy throughout the day.,Clear,"72327013897,KJWN,KBNA,KMQY,KM91,72327313827"
nashville tennessee,2021-04-20,73.7,43.3,58.5,73.7,37.2,57.8,38.4,53.09,0,0,0,0,32.7,19.8,196,1014.2,36,9.9,2021-04-20T06:06:55,2021-04-20T19:25:34,0.26,Clear,Partly cloudy throughout the day.,Clear,"72327013897,KJWN,KBNA,KMQY,KM91,72327313827"
nashville tennessee,2021-04-21,51.2,35.8,42.8,51.2,27.1,38.6,28.3,60.39,0.08,20.83,0,0,24.1,13.2,287.2,1021.8,70.6,9.8,2021-04-21T06:05:39,2021-04-21T19:26:25,0.31,Rain,Partly cloudy throughout the day with early morning rain.,Rain,"72327013897,KJWN,KBNA,KMQY,KM91,72327313827"
nashville tennessee,2021-04-22,61.9,34.3,48.7,61.9,31.4,48.4,29.1,51.3,0,0,0,0,19.2,9.3,200.7,1022.2,39.7,9.9,2021-04-22T06:04:25,2021-04-22T19:27:16,0.36,Clear,Partly cloudy throughout the day.,Clear,"72327013897,KJWN,KBNA,KMQY,KM91,72327313827"
nashville tennessee,2021-04-23,60.9,43.8,50.7,60.9,43.8,50.5,41.3,70.7,0.07,20.83,0,0,,8.6,72.5,1020,82,9.8,2021-04-23T06:03:11,2021-04-23T19:28:08,0.41,Rain,Partly cloudy throughout the day with rain in the morning and afternoon.,Rain,"72327013897,KJWN,KBNA,KMQY,KM91,72327313827"
nashville tennessee,2021-04-24,63.4,51.9,55.2,63.4,51.9,55.2,50.3,83.43,0.32,50,0,0,22.8,12.4,167,1008.3,94.7,8.9,2021-04-24T06:01:58,2021-04-24T19:28:59,0.45,Rain,Cloudy skies throughout the day with a chance of rain throughout the day.,Rain,"72327013897,KJWN,KBNA,KMQY,KM91,72327313827"
nashville tennessee,2021-04-25,70.4,51.7,60,70.4,51.7,60,45.6,62.32,0,0,0,0,16.1,11.1,265.3,1016.6,56.2,9.3,2021-04-25T06:00:46,2021-04-25T19:29:51,0.48,Clear,Partly cloudy throughout the day.,Clear,"72327013897,KJWN,KBNA,KMQY,KM91,72327313827"
nashville tennessee,2021-04-26,79.4,44,62.5,79.4,44,62.5,46.1,59.71,0,0,0,0,20.5,13.3,132.3,1017.6,26.9,9.9,2021-04-26T05:59:35,2021-04-26T19:30:42,0.5,Clear,Partly cloudy throughout the day.,Clear,"72327013897,KJWN,KBNA,KMQY,KM91,72327313827"
nashville tennessee,2021-04-27,83.8,60.2,72,82.2,60.2,71.6,51.1,49.91,0,0,0,0,30.1,19,208.6,1016.4,35,9.9,2021-04-27T05:58:25,2021-04-27T19:31:33,0.5,Clear,Partly cloudy throughout the day.,Clear,"72327013897,KJWN,KBNA,KMQY,KM91,72327313827"
nashville tennessee,2021-04-28,73.4,65.9,69.2,73.4,65.9,69.2,62.8,80.52,0.84,41.67,0,0,29.8,12.3,127.5,1015.8,81.4,8.5,2021-04-28T05:57:16,2021-04-28T19:32:25,0.52,Rain,Partly cloudy throughout the day with rain.,Rain,"72327013897,KJWN,KBNA,KMQY,KM91,72327313827"
nashville tennessee,2021-04-29,69.9,62.2,67.4,69.9,62.2,67.4,63.1,86.19,0.47,41.67,0,0,22.9,12.8,226.9,1012.8,74.3,8.6,2021-04-29T05:56:08,2021-04-29T19:33:16,0.54,Rain,Partly cloudy throughout the day with rain.,Rain,"72327013897,KJWN,KBNA,KMQY,KM91,72327313827"
nashville tennessee,2021-04-30,76.8,52.3,64.9,76.8,52.3,64.9,48.7,61.63,0,0,0,0,22.5,14.4,284.6,1019.6,20,8.4,2021-04-30T05:55:01,2021-04-30T19:34:08,0.58,Clear,Partly cloudy throughout the day.,Clear,"72327013897,KJWN,KBNA,KMQY,KM91,72327313827"
nashville tennessee,2021-05-01,78.2,49.1,63.9,78.2,48.2,63.9,40.4,44.87,0,0,0,0,11.4,9.1,87,1018.8,22.9,9.9,2021-05-01T05:53:56,2021-05-01T19:34:59,0.63,Clear,Partly cloudy throughout the day.,Clear,"72327013897,KJWN,KBNA,KMQY,KM91,72327313827"
nashville tennessee,2021-05-02,73.6,55,64.2,73.6,55,64.3,52.7,67.71,0.09,25,0,0,20.8,9.3,93.9,1011.1,80.2,9.7,2021-05-02T05:52:51,2021-05-02T19:35:50,0.68,Rain,Partly cloudy throughout the day with late afternoon rain.,Rain,"72327013897,KJWN,KBNA,KMQY,KM91,72327313827"
nashville tennessee,2021-05-03,81.4,64.6,71,83.9,64.6,71.4,65,82.46,1.93,50,0,0,21.1,12,186.5,1005.9,74.2,8.3,2021-05-03T05:51:48,2021-05-03T19:36:41,0.74,Rain,Partly cloudy throughout the day with rain clearing later.,Rain,"72327013897,KJWN,KBNA,KMQY,KM91,72327313827"
nashville tennessee,2021-05-04,78.2,65.2,71.4,78.2,65.2,71.4,65.4,81.74,0.57,37.5,0,0,43.8,15.5,185.3,1008.2,81.1,9,2021-05-04T05:50:45,2021-05-04T19:37:32,0.79,Rain,Partly cloudy throughout the day with rain.,Rain,"72327013897,KJWN,KBNA,KMQY,KM91,72327313827"
nashville tennessee,2021-05-05,64.2,51.7,59.7,64.2,51.7,59.7,51,74.85,0.39,37.5,0,0,24.2,10.6,315.4,1016.7,79,8.1,2021-05-05T05:49:44,2021-05-05T19:38:23,0.84,Rain,Partly cloudy throughout the day with rain clearing later.,Rain,"72327013897,KJWN,KBNA,KMQY,KM91,72327313827"
nashville tennessee,2021-05-06,70.4,44.2,55.7,70.4,44.2,55.7,43.6,69.26,0.29,12.5,0,0,39.4,22.6,188.5,1019.9,34.1,9.4,2021-05-06T05:48:44,2021-05-06T19:39:14,0.89,Rain,Partly cloudy throughout the day with late afternoon rain.,Rain,"72327013897,KJWN,KBNA,KMQY,KM91,72327313827"
nashville tennessee,2021-05-07,69.9,46.6,58.4,69.9,43.8,57.8,40.7,56.64,0,4.17,0,0,19.7,12,279.9,1019.2,15.7,9.9,2021-05-07T05:47:46,2021-05-07T19:40:05,0.92,Clear,Clear conditions throughout the day.,Clear,"72327013897,KJWN,KBNA,KMQY,KM91,72327313827"
nashville tennessee,2021-05-08,66.7,55.3,60.2,66.7,55.3,60.2,44.5,56.5,0,0,0,0,16.1,8.8,191.2,1017.8,73.8,9.9,2021-05-08T05:46:48,2021-05-08T19:40:56,0.96,Clear,Partly cloudy throughout the day.,Clear,"72327013897,KJWN,KBNA,KMQY,KM91,72327313827"
nashville tennessee,2021-05-09,71.1,55.1,63.1,71.1,55.1,63.1,55.2,76.44,0.43,41.67,0,0,32.2,19.6,184.8,1011,78.9,9,2021-05-09T05:45:52,2021-05-09T19:41:46,0.98,Rain,Partly cloudy throughout the day with rain.,Rain,"72327013897,KJWN,KBNA,KMQY,KM91,72327313827"
nashville tennessee,2021-05-10,58.9,48.6,53,58.9,44.8,52.4,46.3,78.22,0.02,4.17,0,0,,10.3,137.6,1018.3,89.6,9.7,2021-05-10T05:44:58,2021-05-10T19:42:36,1,Rain,Partly cloudy throughout the day with early morning rain.,Rain,"72327013897,KJWN,KBNA,KMQY,KM91,72327313827"
nashville tennessee,2021-05-11,70,45.5,58.6,70,45.5,58.6,44,62.9,0,0,0,0,20.4,13,82.5,1021,56.2,8.9,2021-05-11T05:44:05,2021-05-11T19:43:26,1,Clear,Partly cloudy throughout the day.,Clear,"72327013897,KJWN,KBNA,KMQY,KM91,72327313827"
nashville tennessee,2021-05-12,67.3,53.2,59.5,67.3,53.2,59.5,37.1,44.77,0.01,4.17,0,0,25.2,16.1,29.3,1023.9,47,9.9,2021-05-12T05:43:13,2021-05-12T19:44:16,0,Rain,Clearing in the afternoon with early morning rain.,Rain,"72327013897,KJWN,KBNA,KMQY,KM91,72327313827"
nashville tennessee,2021-05-13,69.8,43,58.2,69.8,43,57.9,37.2,48.77,0,0,0,0,18.9,12.5,105.7,1025.6,27.4,9.9,2021-05-13T05:42:22,2021-05-13T19:45:05,0.01,Clear,Partly cloudy throughout the day.,Clear,"72327013897,KJWN,KBNA,KMQY,KM91,72327313827"
nashville tennessee,2021-05-14,73.2,42.2,59.5,73.2,42.2,59.5,38.2,50.65,0,0,0,0,23,9.9,44.3,1025,17.3,9.9,2021-05-14T05:41:33,2021-05-14T19:45:54,0.03,Clear,Clear conditions throughout the day.,Clear,"72327013897,KJWN,KBNA,KMQY,KM91,72327313827"
nashville tennessee,2021-05-15,76.8,45.3,63,76.8,45.3,63,43,53.59,0,0,0,0,11.4,7.2,118.6,1023.1,34.2,9.9,2021-05-15T05:40:45,2021-05-15T19:46:43,0.06,Clear,Partly cloudy throughout the day.,Clear,"72327013897,KJWN,KBNA,KMQY,KM91,72327313827"
nashville tennessee,2021-05-16,78.8,58.9,68,78.8,58.9,68.1,55.1,65.23,0.02,16.67,0,0,,7.9,139.8,1021.5,79.9,9.8,2021-05-16T05:39:59,2021-05-16T19:47:31,0.09,Rain,Partly cloudy throughout the day with rain clearing later.,Rain,"72327013897,KJWN,KBNA,KMQY,KM91,72327313827"
nashville tennessee,2021-05-17,77.8,56.7,68.8,77.8,56.7,68.8,54.1,61.92,0,0,0,0,20.8,12.6,136.5,1020.2,49,9.9,2021-05-17T05:39:15,2021-05-17T19:48:19,0.14,Clear,Partly cloudy throughout the day.,Clear,"72327013897,KJWN,KBNA,KMQY,KM91,72327313827"
nashville tennessee,2021-05-18,75.5,64.5,70.6,75.5,64.5,70.6,56.7,61.97,0,0,0,0,21.4,14.2,121.9,1021.3,76.6,9.9,2021-05-18T05:38:31,2021-05-18T19:49:07,0.18,Clear,Partly cloudy throughout the day.,Clear,"72327013897,KJWN,KBNA,KMQY,KM91,72327313827"
nashville tennessee,2021-05-19,82.7,67.1,73.5,82.2,67.1,73.5,58,60.12,0,0,0,0,28.7,18.4,128.8,1022.9,70.5,9.9,2021-05-19T05:37:50,2021-05-19T19:49:54,0.23,Clear,Partly cloudy throughout the day.,Clear,"72327013897,KJWN,KBNA,KMQY,KM91,72327313827"
nashville tennessee,2021-05-20,84,63.2,74.6,83,63.2,74.3,55.1,52.75,0,0,0,0,27.8,14.6,131.9,1024.8,26.9,9.9,2021-05-20T05:37:10,2021-05-20T19:50:40,0.28,Clear,Partly cloudy throughout the day.,Clear,"72327013897,KJWN,KBNA,KMQY,KM91,72327313827"
nashville tennessee,2021-05-21,85.3,61.2,74.3,83.4,61.2,73.7,53.2,50.7,0,0,0,0,20.7,13.7,137.3,1028.1,28.2,9.7,2021-05-21T05:36:31,2021-05-21T19:51:26,0.34,Clear,Partly cloudy throughout the day.,Clear,"72327013897,KJWN,KBNA,KMQY,KM91,72327313827"
nashville tennessee,2021-05-22,86,60.1,74.2,84.8,60.1,74,58.3,60.7,0,0,0,0,11.4,6.7,91.5,1027.8,54.4,9.8,2021-05-22T05:35:54,2021-05-22T19:52:12,0.39,Clear,Partly cloudy throughout the day.,Clear,"72327013897,KJWN,KBNA,KMQY,KM91,72327313827"
nashville tennessee,2021-05-23,89.1,60.2,75.6,87.2,60.2,75.1,58.6,60.78,0,0,0,0,,6.6,149.2,1023.8,37.6,9.2,2021-05-23T05:35:19,2021-05-23T19:52:57,0.44,Clear,Partly cloudy throughout the day.,Clear,"72327013897,KJWN,KBNA,KMQY,KM91,72327313827"
nashville tennessee,2021-05-24,88.7,60.9,75.8,87.3,60.9,75.4,59.3,61.03,0,0,0,0,,6.5,144.1,1021.6,40.6,9.3,2021-05-24T05:34:45,2021-05-24T19:53:41,0.47,Clear,Partly cloudy throughout the day.,Clear,"72327013897,KJWN,KBNA,KMQY,KM91,72327313827"
nashville tennessee,2021-05-25,91,63.9,77.9,90.7,63.9,77.8,61.2,60.5,0,0,0,0,18.4,10.7,137.4,1020.2,28.8,9.1,2021-05-25T05:34:13,2021-05-25T19:54:25,0.49,Clear,Partly cloudy throughout the day.,Clear,"72327013897,KJWN,KBNA,KMQY,KM91,72327313827"
nashville tennessee,2021-05-26,80.4,66.5,71.9,81.8,66.5,72,63.8,76.72,0.25,29.17,0,0,19.7,12.6,188.1,1020,59,8.4,2021-05-26T05:33:43,2021-05-26T19:55:08,0.5,Rain,Partly cloudy throughout the day with rain.,Rain,"72327013897,KJWN,KBNA,KMQY,KM91,72327313827"
nashville tennessee,2021-05-27,86,65.7,75,87.6,65.7,75.6,65.2,74.18,0,4.17,0,0,16.1,9.2,132.5,1017,64.2,6.3,2021-05-27T05:33:14,2021-05-27T19:55:50,0.51,Clear,Partly cloudy throughout the day.,Clear,"72327013897,KJWN,KBNA,KMQY,KM91,72327313827"
nashville tennessee,2021-05-28,79.5,59.7,71.1,79.5,59.7,71.1,64.9,81.33,0.93,45.83,0,0,28.9,15.2,233.4,1011,86.2,8.5,2021-05-28T05:32:47,2021-05-28T19:56:31,0.53,Rain,Partly cloudy throughout the day with a chance of rain throughout the day.,Rain,"72327013897,KJWN,KBNA,KMQY,KM91,72327313827"
nashville tennessee,2021-05-29,60.3,53.3,55.8,60.3,53.3,55.9,49.4,79.16,0.01,8.33,0,0,24.2,14.6,274.7,1016.9,100,9.5,2021-05-29T05:32:22,2021-05-29T19:57:12,0.56,Rain,Cloudy skies throughout the day with morning rain.,Rain,"72327013897,KJWN,KBNA,KMQY,KM91,72327313827"
nashville tennessee,2021-05-30,73.1,51.8,62.2,73.1,51.8,62.2,46.1,58.52,0,0,0,0,19,10.6,122,1022.5,37.9,9.8,2021-05-30T05:31:58,2021-05-30T19:57:52,0.61,Clear,Partly cloudy throughout the day.,Clear,"72327013897,KJWN,KBNA,KMQY,KM91,72327313827"
nashville tennessee,2021-05-31,78.9,50.5,65.5,78.9,50.5,65.5,50,60.28,0,0,0,0,,7.1,140.1,1024,29.3,9.7,2021-05-31T05:31:36,2021-05-31T19:58:31,0.66,Clear,Partly cloudy throughout the day.,Clear,"72327013897,KJWN,KBNA,KMQY,KM91,72327313827"
nashville tennessee,2021-06-01,78.8,61.3,69.7,78.8,61.3,69.7,58.5,68.72,0,0,0,0,12.8,9.3,114.6,1020.9,66.2,9.8,2021-06-01T05:31:16,2021-06-01T19:59:09,0.71,Clear,Partly cloudy throughout the day.,Clear,"72327013897,KJWN,KBNA,KMQY,KM91,72327313827"
nashville tennessee,2021-06-02,73.7,64.6,68.2,73.7,64.6,68.2,63.9,86.32,1.21,70.83,0,0,24.9,13.2,156,1015.4,88.8,7.7,2021-06-02T05:30:57,2021-06-02T19:59:46,0.76,Rain,Partly cloudy throughout the day with a chance of rain throughout the day.,Rain,"72327013897,KJWN,KBNA,KMQY,KM91,72327313827"
nashville tennessee,2021-06-03,81.3,66.6,72.4,82,66.6,72.5,62.9,73.55,0.11,25,0,0,20.9,11.9,228.2,1014,70.7,9.7,2021-06-03T05:30:40,2021-06-03T20:00:22,0.81,Rain,Partly cloudy throughout the day with rain.,Rain,"72327013897,KJWN,KBNA,KMQY,KM91,72327313827"
nashville tennessee,2021-06-04,84.5,60.1,72.9,83.8,60.1,72.8,59.4,66.46,0,0,0,0,11.4,6.5,79,1017.3,35.2,8.8,2021-06-04T05:30:25,2021-06-04T20:00:57,0.86,Clear,Partly cloudy throughout the day.,Clear,"72327013897,KJWN,KBNA,KMQY,KM91,72327313827"
nashville tennessee,2021-06-05,88.4,63.2,76.9,88.8,63.2,77.3,62.9,65,0,0,0,0,13.9,8.2,87.5,1016.5,42.5,9.4,2021-06-05T05:30:11,2021-06-05T20:01:31,0.9,Clear,Partly cloudy throughout the day.,Clear,"72327013897,KJWN,KBNA,KMQY,KM91,72327313827"
nashville tennessee,2021-06-06,79.4,71.2,74.2,79.4,71.2,74.2,67.9,81.05,0.02,20.83,0,0,22.5,12.4,142.9,1016.4,84.4,9.4,2021-06-06T05:30:00,2021-06-06T20:02:04,0.94,Rain,Partly cloudy throughout the day with early morning rain.,Rain,"72327013897,KJWN,KBNA,KMQY,KM91,72327313827"
nashville tennessee,2021-06-07,83.3,69.3,76.1,86.2,69.3,76.6,67.7,76.14,0,12.5,0,0,20.7,13.9,183.8,1016.2,81.3,9.4,2021-06-07T05:29:50,2021-06-07T20:02:36,0.97,Clear,Partly cloudy throughout the day.,Clear,"72327013897,KJWN,KBNA,KMQY,KM91,72327313827"
nashville tennessee,2021-06-08,83.3,71.7,76,86.4,71.7,76.9,67.8,76.53,0.03,12.5,0,0,29.9,13.6,175,1017.7,65.9,9.5,2021-06-08T05:29:41,2021-06-08T20:03:06,0.99,Rain,Partly cloudy throughout the day with late afternoon rain.,Rain,"72327013897,KJWN,KBNA,KMQY,KM91,72327313827"
nashville tennessee,2021-06-09,79.5,71.1,74.3,79.5,71.1,74.3,69.6,85.38,0.33,45.83,0,0,12.8,8.3,179.8,1016.7,92.4,9.1,2021-06-09T05:29:35,2021-06-09T20:03:36,1,Rain,Cloudy skies throughout the day with rain.,Rain,"72327013897,KJWN,KBNA,KMQY,KM91,72327313827"
nashville tennessee,2021-06-10,83.8,71.7,75.8,88.1,71.7,76.6,69.9,82.68,0.21,8.33,0,0,19.7,10.7,219.6,1013.6,89.3,9.5,2021-06-10T05:29:30,2021-06-10T20:04:04,0,Rain,Partly cloudy throughout the day with late afternoon rain.,Rain,"72327013897,KJWN,KBNA,KMQY,KM91,72327313827"
nashville tennessee,2021-06-11,86.7,73.1,77.9,93.6,73.1,79.7,71.4,81.36,0.33,20.83,0,0,20.5,9.3,241.7,1010.9,84.3,9.2,2021-06-11T05:29:26,2021-06-11T20:04:31,0.01,Rain,Partly cloudy throughout the day with rain clearing later.,Rain,"72327013897,KJWN,KBNA,KMQY,KM91,72327313827"
nashville tennessee,2021-06-12,92.4,71.6,82.3,99.8,71.6,86.2,71.7,72.7,0,0,0,0,17.2,11.7,243.2,1010.4,31.3,9.1,2021-06-12T05:29:25,2021-06-12T20:04:56,0.02,Clear,Becoming cloudy in the afternoon.,Clear,"72327013897,KJWN,KBNA,KMQY,KM91,72327313827"
nashville tennessee,2021-06-13,93.5,72.9,83,101.6,72.9,86.8,71.6,70.83,0,0,0,0,12.8,9,226.2,1011.7,43.3,9.3,2021-06-13T05:29:25,2021-06-13T20:05:20,0.04,Clear,Partly cloudy throughout the day.,Clear,"72327013897,KJWN,KBNA,KMQY,KM91,72327313827"
nashville tennessee,2021-06-14,92.8,74.1,83.3,92.8,74.1,83.8,64.6,56.33,0,0,0,0,16.1,10.2,290.7,1013,23,9.6,2021-06-14T05:29:26,2021-06-14T20:05:43,0.08,Clear,Partly cloudy throughout the day.,Clear,"72327013897,KJWN,KBNA,KMQY,KM91,72327313827"
nashville tennessee,2021-06-15,85.2,67.8,77.6,83.3,67.8,77.1,53.7,44.74,0,0,0,0,29.5,17.4,152,1015.6,23.3,9.8,2021-06-15T05:29:30,2021-06-15T20:06:05,0.12,Clear,Partly cloudy throughout the day.,Clear,"72327013897,KJWN,KBNA,KMQY,KM91,72327313827"
nashville tennessee,2021-06-16,87.2,60.7,74.9,85.7,60.7,74.5,56.9,56.64,0,0,0,0,28.9,25.3,174.7,1016.9,20.6,9.8,2021-06-16T05:29:35,2021-06-16T20:06:24,0.16,Clear,Partly cloudy throughout the day.,Clear,"72327013897,KJWN,KBNA,KMQY,KM91,72327313827"
nashville tennessee,2021-06-17,90.3,64,77.7,90.2,64,77.8,61.8,61.33,0,0,0,0,11.4,7.1,124.5,1016.3,33.5,9.6,2021-06-17T05:29:41,2021-06-17T20:06:43,0.21,Clear,Partly cloudy throughout the day.,Clear,"72327013897,KJWN,KBNA,KMQY,KM91,72327313827"
nashville tennessee,2021-06-18,90.5,69.8,81.2,92.2,69.8,81.9,64,58.02,0,0,0,0,21.2,13.3,209.4,1016,37.2,9.9,2021-06-18T05:29:49,2021-06-18T20:07:00,0.27,Clear,Partly cloudy throughout the day.,Clear,"72327013897,KJWN,KBNA,KMQY,KM91,72327313827"
nashville tennessee,2021-06-19,86,69.9,78,89.5,69.9,79.2,66,67.57,0,0,0,0,21.9,14,160.4,1013.8,47.9,9.9,2021-06-19T05:29:59,2021-06-19T20:07:16,0.32,Clear,Partly cloudy throughout the day.,Clear,"72327013897,KJWN,KBNA,KMQY,KM91,72327313827"
nashville tennessee,2021-06-20,91,67.2,80.2,95.2,67.2,82.2,66.8,65.87,0,0,0,0,19.5,11.7,215.3,1010.2,29.6,9.9,2021-06-20T05:30:10,2021-06-20T20:07:30,0.38,Clear,Partly cloudy throughout the day.,Clear,"72327013897,KJWN,KBNA,KMQY,KM91,72327313827"
nashville tennessee,2021-06-21,88.4,69.7,79.3,95.3,69.7,81.4,69.9,73.51,0.08,16.67,0,0,32.7,16.3,248.1,1009.7,54.1,9.9,2021-06-21T05:30:23,2021-06-21T20:07:42,0.42,Rain,Partly cloudy throughout the day with rain.,Rain,"72327013897,KJWN,KBNA,KMQY,KM91,72327313827"
nashville tennessee,2021-06-22,79.4,62.8,71,79.4,62.8,71,53.9,57.41,0.01,4.17,0,0,20.8,11.2,283.9,1015.1,34.2,9.9,2021-06-22T05:30:37,2021-06-22T20:07:53,0.46,Rain,Partly cloudy throughout the day with early morning rain.,Rain,"72327013897,KJWN,KBNA,KMQY,KM91,72327313827"
nashville tennessee,2021-06-23,83.9,55.6,70.7,82,55.6,70.4,52.3,56.45,0,0,0,0,12.8,7.7,85,1019.5,16.5,9.9,2021-06-23T05:30:53,2021-06-23T20:08:02,0.49,Clear,Clear conditions throughout the day.,Clear,"72327013897,KJWN,KBNA,KMQY,KM91,72327313827"
nashville tennessee,2021-06-24,89.1,61.4,77.2,90.2,61.4,78.1,62.1,61.94,0,0,0,0,20.8,12.3,145,1019.5,34.5,9.9,2021-06-24T05:31:10,2021-06-24T20:08:10,0.5,Clear,Partly cloudy throughout the day.,Clear,"72327013897,KJWN,KBNA,KMQY,KM91,72327313827"
nashville tennessee,2021-06-25,84,74.3,79.7,86.9,74.3,81.1,66.7,64.97,0,0,0,0,28.4,14.9,176.4,1019,61.6,9.9,2021-06-25T05:31:28,2021-06-25T20:08:16,0.51,Clear,Partly cloudy throughout the day.,Clear,"72327013897,KJWN,KBNA,KMQY,KM91,72327313827"
nashville tennessee,2021-06-26,89.2,71.7,80.9,90.5,71.7,81.8,64.8,59.84,0,0,0,0,26,18.6,182.1,1018.1,37.9,9.9,2021-06-26T05:31:48,2021-06-26T20:08:20,0.53,Clear,Partly cloudy throughout the day.,Clear,"72327013897,KJWN,KBNA,KMQY,KM91,72327313827"
nashville tennessee,2021-06-27,92.3,71.7,82.2,95.8,71.7,84.2,67.4,62.79,0,0,0,0,20.8,14.7,182.9,1018.7,29.2,9.9,2021-06-27T05:32:10,2021-06-27T20:08:23,0.55,Clear,Partly cloudy throughout the day.,Clear,"72327013897,KJWN,KBNA,KMQY,KM91,72327313827"
nashville tennessee,2021-06-28,92.8,72.9,82.6,96.8,72.9,85.3,69.4,66.07,0.09,4.17,0,0,16.1,9.9,94.5,1021,35.4,9.9,2021-06-28T05:32:32,2021-06-28T20:08:24,0.59,Rain,Partly cloudy throughout the day with late afternoon rain.,Rain,"72327013897,KJWN,KBNA,KMQY,KM91,72327313827"
nashville tennessee,2021-06-29,94.8,73,80.3,99.8,73,82.4,70.1,72.83,0.04,8.33,0,0,20,13.3,148.3,1021.5,48.3,9.7,2021-06-29T05:32:56,2021-06-29T20:08:23,0.64,Rain,Partly cloudy throughout the day with afternoon rain.,Rain,"72327013897,KJWN,KBNA,KMQY,KM91,72327313827"
nashville tennessee,2021-06-30,90.5,70.5,79.8,94.6,70.5,81.7,68.8,71.03,0,0,0,0,24.2,10.7,193.9,1020,52.1,9.9,2021-06-30T05:33:21,2021-06-30T20:08:20,0.69,Clear,Partly cloudy throughout the day.,Clear,"72327013897,KJWN,KBNA,KMQY,KM91,72327313827"
nashville tennessee,2021-07-01,83.1,72.5,75.9,87.4,72.5,76.7,69.8,82.14,0.31,37.5,0,0,13.9,11.1,216.3,1015,71.4,9.3,2021-07-01T05:33:48,2021-07-01T20:08:16,0.74,Rain,Partly cloudy throughout the day with rain.,Rain,"72327013897,KJWN,KBNA,KMQY,KM91,72327313827"
nashville tennessee,2021-07-02,83.8,70.6,75.8,84.7,70.6,76.3,65.6,72.34,0.01,8.33,0,0,24.4,14.4,178.5,1013.4,69.3,9.7,2021-07-02T05:34:15,2021-07-02T20:08:10,0.78,Rain,Partly cloudy throughout the day with rain clearing later.,Rain,"72327013897,KJWN,KBNA,KMQY,KM91,72327313827"
nashville tennessee,2021-07-03,82.1,61.4,72.8,81.3,61.4,72.6,55.7,57.4,0,0,0,0,13.9,9,169.3,1015.8,31.9,9.9,2021-07-03T05:34:44,2021-07-03T20:08:03,0.83,Clear,Becoming cloudy in the afternoon.,Clear,"72327013897,KJWN,KBNA,KMQY,KM91,72327313827"
nashville tennessee,2021-07-04,87.8,61.4,75.2,87.2,61.4,75.1,60,62.36,0,0,0,0,,8,114.4,1016.3,9.4,9.6,2021-07-04T05:35:14,2021-07-04T20:07:53,0.88,Clear,Clear conditions throughout the day.,Clear,"72327013897,KJWN,KBNA,KMQY,KM91,72327313827"
nashville tennessee,2021-07-05,91.7,67.3,80.3,93.3,67.3,81.5,65.2,63.1,0,0,0,0,,7.3,52.2,1017.3,26.2,8,2021-07-05T05:35:45,2021-07-05T20:07:42,0.91,Clear,Becoming cloudy in the afternoon.,Clear,"72327013897,KJWN,KBNA,KMQY,KM91,72327313827"
nashville tennessee,2021-07-06,92.3,71,81.9,92.5,71,82.4,64.6,59.42,0,0,0,0,18.3,9.5,132.7,1017.7,40.7,9.8,2021-07-06T05:36:17,2021-07-06T20:07:29,0.95,Clear,Partly cloudy throughout the day.,Clear,"72327013897,KJWN,KBNA,KMQY,KM91,72327313827"
nashville tennessee,2021-07-07,81.5,73.1,76.3,84.4,73.1,76.7,68.8,78.15,0.53,29.17,0,0,24.1,14,130.3,1015.7,77.8,9.3,2021-07-07T05:36:50,2021-07-07T20:07:14,0.97,Rain,Partly cloudy throughout the day with rain.,Rain,"72327013897,KJWN,KBNA,KMQY,KM91,72327313827"
nashville tennessee,2021-07-08,89.6,71.8,79,93.2,71.8,80.6,69.8,75.54,0,8.33,0,0,28.9,9.8,223.1,1013.8,70.2,9.9,2021-07-08T05:37:24,2021-07-08T20:06:58,0.99,Clear,Partly cloudy throughout the day.,Clear,"72327013897,KJWN,KBNA,KMQY,KM91,72327313827"
nashville tennessee,2021-07-09,90.5,74.3,80.2,96.2,74.3,82.6,70.4,72.85,0,0,0,0,25.3,13.4,221.8,1016.6,70.2,9.9,2021-07-09T05:37:59,2021-07-09T20:06:40,1,Clear,Partly cloudy throughout the day.,Clear,"72327013897,KJWN,KBNA,KMQY,KM91,72327313827"
nashville tennessee,2021-07-10,89.9,73,80.4,94.4,73,82.5,70.2,72.58,0.01,8.33,0,0,23.5,18.9,233.9,1015.5,61.3,9.8,2021-07-10T05:38:35,2021-07-10T20:06:20,0,Rain,Partly cloudy throughout the day with afternoon rain.,Rain,"72327013897,KJWN,KBNA,KMQY,KM91,72327313827"
nashville tennessee,2021-07-11,81.5,72,76.1,86.3,72,76.6,70.6,83.37,0.47,33.33,0,0,24.8,14,193.8,1013,82.3,9.2,2021-07-11T05:39:12,2021-07-11T20:05:58,0.01,Rain,Partly cloudy throughout the day with rain in the morning and afternoon.,Rain,"72327013897,KJWN,KBNA,KMQY,KM91,72327313827"
nashville tennessee,2021-07-12,84.5,73,78.1,88.2,73,79.4,69.8,76.74,0.03,16.67,0,0,26.4,14.9,172.7,1017,78.1,9.9,2021-07-12T05:39:49,2021-07-12T20:05:35,0.03,Rain,Partly cloudy throughout the day with rain.,Rain,"72327013897,KJWN,KBNA,KMQY,KM91,72327313827"
nashville tennessee,2021-07-13,81.9,73.1,77,85.8,73.1,77.8,68.8,76.4,0.04,20.83,0,0,25.3,15.3,207.2,1020.9,67.9,9.8,2021-07-13T05:40:28,2021-07-13T20:05:10,0.06,Rain,Partly cloudy throughout the day with rain in the morning and afternoon.,Rain,"72327013897,KJWN,KBNA,KMQY,KM91,72327313827"
nashville tennessee,2021-07-14,90.1,69.9,79.5,91.2,69.9,80.4,66.8,68.04,0,4.17,0,0,11.4,7,234.6,1022.5,43.3,9.9,2021-07-14T05:41:07,2021-07-14T20:04:43,0.1,Clear,Partly cloudy throughout the day.,Clear,"72327013897,KJWN,KBNA,KMQY,KM91,72327313827"
nashville tennessee,2021-07-15,92.3,71.7,82.2,94.7,71.7,84.4,68.4,65.52,0,0,0,0,17.2,10.6,196,1020.1,28.4,9.9,2021-07-15T05:41:47,2021-07-15T20:04:14,0.14,Clear,Partly cloudy throughout the day.,Clear,"72327013897,KJWN,KBNA,KMQY,KM91,72327313827"
nashville tennessee,2021-07-16,91.1,73.1,81.8,94.9,73.1,84.3,69.2,67.45,0.02,12.5,0,0,25.3,17,171.2,1017.3,46,9.9,2021-07-16T05:42:27,2021-07-16T20:03:44,0.2,Rain,Partly cloudy throughout the day with rain.,Rain,"72327013897,KJWN,KBNA,KMQY,KM91,72327313827"
nashville tennessee,2021-07-17,88.3,74.1,79.1,94.1,74.1,80.8,69.7,73.73,0,4.17,0,0,17.2,11.6,197.5,1018.5,82.8,9.9,2021-07-17T05:43:08,2021-07-17T20:03:12,0.25,Clear,Partly cloudy throughout the day.,Clear,"72327013897,KJWN,KBNA,KMQY,KM91,72327313827"
nashville tennessee,2021-07-18,86.4,71.8,76.2,90.9,71.8,77.1,69.6,80.7,0.85,25,0,0,21.9,10.7,148,1019.2,80.5,9.3,2021-07-18T05:43:50,2021-07-18T20:02:39,0.31,Rain,Partly cloudy throughout the day with rain.,Rain,"72327013897,KJWN,KBNA,KMQY,KM91,72327313827"
nashville tennessee,2021-07-19,83.7,71.7,77.3,87.2,71.7,78.4,69.1,76.99,0,4.17,0,0,17.2,10,66.2,1016.8,81.1,9.8,2021-07-19T05:44:33,2021-07-19T20:02:03,0.37,Clear,Partly cloudy throughout the day.,Clear,"72327013897,KJWN,KBNA,KMQY,KM91,72327313827"
nashville tennessee,2021-07-20,87.4,71,79.1,90.5,71,80.3,66.7,66.97,0,0,0,0,20.7,11.8,31.5,1015,42.4,9.6,2021-07-20T05:45:15,2021-07-20T20:01:27,0.41,Clear,Partly cloudy throughout the day.,Clear,"72327013897,KJWN,KBNA,KMQY,KM91,72327313827"
nashville tennessee,2021-07-21,89.7,70.2,80,92,70.2,81.4,67.2,66.78,0,0,0,0,11.4,11.5,38.1,1017.1,17.6,7,2021-07-21T05:45:59,2021-07-21T20:00:48,0.45,Clear,Clear conditions throughout the day.,Clear,"72327013897,KJWN,KBNA,KMQY,KM91,72327313827"
nashville tennessee,2021-07-22,89,68,79,91.3,68,80.1,66.3,67.36,0,0,0,0,,10,74,1020.4,14.1,7.1,2021-07-22T05:46:43,2021-07-22T20:00:08,0.48,Clear,Clear conditions throughout the day.,Clear,"72327013897,KJWN,KBNA,KMQY,KM91,72327313827"
nashville tennessee,2021-07-23,89.5,69.1,79.6,91.8,69.1,80.5,65.4,64.18,0,0,0,0,12.8,8.3,44.2,1019.7,7.5,9.1,2021-07-23T05:47:27,2021-07-23T19:59:26,0.5,Clear,Clear conditions throughout the day.,Clear,"72327013897,KJWN,KBNA,KMQY,KM91,72327313827"
nashville tennessee,2021-07-24,92.1,68.6,81.1,95.9,68.6,83.2,67.3,65.23,0,0,0,0,11.4,6,153.5,1016.9,12.9,9.5,2021-07-24T05:48:12,2021-07-24T19:58:43,0.5,Clear,Clear conditions throughout the day.,Clear,"72327013897,KJWN,KBNA,KM91,KMQY,72327313827"
nashville tennessee,2021-07-25,95.9,74.3,82.8,102.6,74.3,86,71.9,72.01,0.97,8.33,0,0,33.3,20.4,156.2,1014.6,40.1,8.9,2021-07-25T05:48:57,2021-07-25T19:57:58,0.52,Rain,Partly cloudy throughout the day with late afternoon rain.,Rain,"72327013897,KJWN,KBNA,KM91,KMQY,72327313827"
nashville tennessee,2021-07-26,92,74.9,81,99.6,74.9,84.9,73,77.95,0.22,12.5,0,0,12.8,11.3,96.3,1014.6,49.5,9.6,2021-07-26T05:49:43,2021-07-26T19:57:12,0.54,Rain,Partly cloudy throughout the day with rain in the morning and afternoon.,Rain,"72327013897,KJWN,KBNA,KM91,KMQY,72327313827"
nashville tennessee,2021-07-27,92.3,74.9,83.8,100,74.9,88.3,73.1,72.26,0.05,16.67,0,0,12.8,11.1,106.8,1015.6,48.5,8.6,2021-07-27T05:50:29,2021-07-27T19:56:24,0.57,Rain,Partly cloudy throughout the day with rain clearing later.,Rain,"72327013897,KJWN,KBNA,KM91,KMQY,72327313827"
nashville tennessee,2021-07-28,94.2,73.7,84.2,99.2,73.7,86.9,70,65.02,0,0,0,0,11.4,9.5,127.6,1016.8,12.5,9.6,2021-07-28T05:51:15,2021-07-28T19:55:35,0.61,Clear,Clear conditions throughout the day.,Clear,"72327013897,KJWN,KBNA,KM91,KMQY,72327313827"
nashville tennessee,2021-07-29,94.2,73.1,83.9,102.9,73.1,88.6,72.1,69.82,0,0,0,0,15,9.7,194.3,1016.3,26.2,9,2021-07-29T05:52:01,2021-07-29T19:54:44,0.66,Clear,Partly cloudy throughout the day.,Clear,"72327013897,KJWN,KBNA,KM91,KMQY,72327313827"
nashville tennessee,2021-07-30,92.5,80.1,85.7,100.6,83.3,92.2,73,67.46,0,0,0,0,18.3,11.9,272.3,1015.7,50.3,9.3,2021-07-30T05:52:48,2021-07-30T19:53:51,0.7,Clear,Partly cloudy throughout the day.,Clear,"72327013897,KJWN,KBNA,KM91,KMQY,72327313827"
nashville tennessee,2021-07-31,91.6,72.4,81.8,98.6,72.4,84.3,69.8,69.11,1.33,16.67,0,0,31.9,15.1,187,1015.2,57.6,7.8,2021-07-31T05:53:35,2021-07-31T19:52:58,0.75,Rain,Partly cloudy throughout the day with late afternoon rain.,Rain,"72327013897,KJWN,KBNA,KM91,KMQY,72327313827"
nashville tennessee,2021-08-01,81.8,70.5,75.4,83.6,70.5,75.8,67.8,78.52,0.96,25,0,0,31.1,9.7,288.1,1015.3,81.3,7,2021-08-01T05:54:22,2021-08-01T19:52:03,0.8,Rain,Partly cloudy throughout the day with rain clearing later.,Rain,"72327013897,KJWN,KBNA,KM91,KMQY,72327313827"
nashville tennessee,2021-08-02,85.1,67.3,74.9,84.8,67.3,74.9,61.9,66.72,0,0,0,0,15,10.9,113.8,1017.2,20.7,8.3,2021-08-02T05:55:09,2021-08-02T19:51:06,0.84,Clear,Partly cloudy throughout the day.,Clear,"72327013897,KJWN,KBNA,KM91,KMQY,72327313827"
nashville tennessee,2021-08-03,84.4,62.1,74.1,83.8,62.1,73.9,58,59.93,0,0,0,0,12.8,8.8,78.8,1016,27,9.8,2021-08-03T05:55:57,2021-08-03T19:50:08,0.89,Clear,Partly cloudy throughout the day.,Clear,"72327013897,KJWN,KBNA,KM91,KMQY,72327313827"
nashville tennessee,2021-08-04,85.1,62.1,74.8,83.4,62.1,74.4,56.7,56.26,0,0,0,0,18.1,10.8,97.9,1017.2,14.5,9.9,2021-08-04T05:56:44,2021-08-04T19:49:09,0.93,Clear,Clear conditions throughout the day.,Clear,"72327013897,KJWN,KBNA,KM91,KMQY,72327313827"
nashville tennessee,2021-08-05,87.2,62.1,75.4,85.8,62.1,75,58.9,60.19,0,0,0,0,12.8,6.4,118.3,1018.9,19.6,9.9,2021-08-05T05:57:32,2021-08-05T19:48:09,0.96,Clear,Clear conditions throughout the day.,Clear,"72327013897,KJWN,KBNA,KM91,KMQY,72327313827"
nashville tennessee,2021-08-06,83.9,66.6,75.4,87.8,66.6,76.2,66,73.42,0,0,0,0,16.1,8.2,130.2,1018.9,53.2,9.7,2021-08-06T05:58:20,2021-08-06T19:47:07,0.98,Clear,Partly cloudy throughout the day.,Clear,"72327013897,KJWN,KBNA,KMQY,KM91,72327313827"
nashville tennessee,2021-08-07,88.5,72.4,79,90.8,72.4,80.1,68.2,71.6,0.01,4.17,0,0,12.8,9.2,116.5,1017.8,59,9.9,2021-08-07T05:59:07,2021-08-07T19:46:04,1,Rain,Partly cloudy throughout the day with early morning rain.,Rain,"72327013897,KJWN,KBNA,KMQY,KM91,72327313827"
nashville tennessee,2021-08-08,89.6,70.2,80,92.7,70.2,81.5,67.6,67.94,0,0,0,0,15,8.8,188.5,1017.2,31.2,9.9,2021-08-08T05:59:55,2021-08-08T19:45:00,1,Clear,Partly cloudy throughout the day.,Clear,"72327013897,KJWN,KBNA,KMQY,KM91,72327313827"
nashville tennessee,2021-08-09,93.9,71.1,82.4,101.4,71.1,86.3,70.5,69.33,0.12,4.17,0,0,21.9,11,198,1017.4,57.5,9.8,2021-08-09T06:00:43,2021-08-09T19:43:55,0,Rain,Partly cloudy throughout the day with early morning rain.,Rain,"72327013897,KJWN,KBNA,KMQY,KM91,72327313827"
nashville tennessee,2021-08-10,95.1,75.5,85.5,102.1,75.5,90.1,71.8,65.76,0,0,0,0,21.9,10.2,206.3,1018.9,33.3,9.9,2021-08-10T06:01:31,2021-08-10T19:42:48,0.02,Clear,Partly cloudy throughout the day.,Clear,"72327013897,KJWN,KBNA,KMQY,KM91,72327313827"
nashville tennessee,2021-08-11,95.1,75.5,85.9,102.3,75.5,90.4,71.3,63.81,0,0,0,0,27.7,14,211.6,1018.4,24.1,9.9,2021-08-11T06:02:19,2021-08-11T19:41:41,0.05,Clear,Partly cloudy throughout the day.,Clear,"72327013897,KJWN,KBNA,KMQY,KM91,72327313827"
nashville tennessee,2021-08-12,93.4,73,82.6,101.2,73,86.4,70,66.67,0,0,0,0,16.1,9.7,172.4,1019.1,32.8,9.9,2021-08-12T06:03:07,2021-08-12T19:40:32,0.09,Clear,Partly cloudy throughout the day.,Clear,"72327013897,KJWN,KBNA,KMQY,KM91,72327313827"
nashville tennessee,2021-08-13,89.6,73.7,78.5,96.7,73.7,80,70.9,78.23,0.22,12.5,0,0,31.1,10.5,234.4,1019.6,56.2,9.7,2021-08-13T06:03:55,2021-08-13T19:39:22,0.13,Rain,Partly cloudy throughout the day with afternoon rain.,Rain,"72327013897,KJWN,KBNA,KMQY,KM91,72327313827"
nashville tennessee,2021-08-14,89.7,72.5,79.1,94.5,72.5,81.2,70.1,75.58,0,0,0,0,15,13,229.3,1020.1,73,9.3,2021-08-14T06:04:43,2021-08-14T19:38:11,0.19,Clear,Partly cloudy throughout the day.,Clear,"72327013897,KJWN,KBNA,KMQY,KM91,72327313827"
nashville tennessee,2021-08-15,83.3,72.4,74.9,88.2,72.4,75.3,70,85,0.26,20.83,0,0,,5.8,94.6,1017.9,74,9.3,2021-08-15T06:05:31,2021-08-15T19:37:00,0.24,Rain,Partly cloudy throughout the day with rain.,Rain,"72327013897,KJWN,KBNA,KMQY,KM91,72327313827"
nashville tennessee,2021-08-16,81.5,71.1,75.8,85.8,71.1,76.7,70.6,84.48,0.01,4.17,0,0,11.4,8.4,87.6,1016.1,83.1,8.8,2021-08-16T06:06:19,2021-08-16T19:35:47,0.3,Rain,Partly cloudy throughout the day with afternoon rain.,Rain,"72327013897,KJWN,KBNA,KMQY,KM91,72327313827"
nashville tennessee,2021-08-17,87.2,71,78.3,90.7,71,79.7,69.4,75.5,0,0,0,0,,7,83.9,1015,47.4,9.9,2021-08-17T06:07:06,2021-08-17T19:34:33,0.35,Clear,Partly cloudy throughout the day.,Clear,"72327013897,KJWN,KBNA,KMQY,KM91,72327313827"
nashville tennessee,2021-08-18,86.6,70.4,76.3,93,70.4,77.7,70.7,83.44,0.68,33.33,0,0,23,10.4,114.7,1018.6,49.3,9.2,2021-08-18T06:07:54,2021-08-18T19:33:18,0.4,Rain,Partly cloudy throughout the day with rain.,Rain,"72327013897,KJWN,KBNA,KMQY,KM91,72327313827"
nashville tennessee,2021-08-19,83.4,72.4,77,88.7,72.4,78.6,71.2,82.95,0.05,25,0,0,,5.2,138.7,1018.3,81,9.7,2021-08-19T06:08:42,2021-08-19T19:32:03,0.44,Rain,Partly cloudy throughout the day with rain.,Rain,"72327013897,KJWN,KBNA,KMQY,KM91,72327313827"
nashville tennessee,2021-08-20,85.8,74.3,78.9,92.5,74.3,81.2,71.9,79.87,0.04,8.33,0,0,,6.9,181.7,1014.3,72.3,9.8,2021-08-20T06:09:29,2021-08-20T19:30:46,0.48,Rain,Partly cloudy throughout the day with morning rain.,Rain,"72327013897,KJWN,KBNA,KMQY,KM91,72327313827"
nashville tennessee,2021-08-21,82.2,74.7,76.7,86.2,74.7,77.4,72.2,86.33,2.14,62.5,0,0,,7.4,155.9,1011.7,88.7,8.6,2021-08-21T06:10:17,2021-08-21T19:29:29,0.49,Rain,Partly cloudy throughout the day with rain.,Rain,"72327013897,KJWN,KBNA,KMQY,KM91,72327313827"
nashville tennessee,2021-08-22,89.1,74.3,79.6,96.2,74.3,82.2,72.2,79.24,0.01,8.33,0,0,11.4,12.9,278.2,1013.8,68.5,9.5,2021-08-22T06:11:04,2021-08-22T19:28:11,0.5,Rain,Partly cloudy throughout the day with morning rain.,Rain,"72327013897,KJWN,KBNA,KMQY,KM91,72327313827"
nashville tennessee,2021-08-23,91.8,71.7,81.6,96.5,71.7,84,70.2,70.91,0,0,0,0,11.4,4.7,103,1015.6,14,8.8,2021-08-23T06:11:52,2021-08-23T19:26:52,0.51,Clear,Clear conditions throughout the day.,Clear,"72327013897,KJWN,KBNA,KMQY,KM91,72327313827"
nashville tennessee,2021-08-24,94.9,72.3,82.3,98.9,72.3,84.7,70,69.66,0,0,0,0,11.4,5.9,82.9,1016.7,18.8,8.5,2021-08-24T06:12:39,2021-08-24T19:25:32,0.53,Clear,Clear conditions throughout the day.,Clear,"72327013897,KJWN,KBNA,KMQY,KM91,72327313827"
nashville tennessee,2021-08-25,95,72.5,83.4,102.2,72.5,86.8,70.7,68.5,0,0,0,0,17.2,6.8,129.6,1018.6,14.8,8.5,2021-08-25T06:13:26,2021-08-25T19:24:11,0.55,Clear,Clear conditions throughout the day.,Clear,"72327013897,KJWN,KBNA,KMQY,KM91,72327313827"
nashville tennessee,2021-08-26,94.8,73.2,82.9,100.8,73.2,85.6,70.2,68.23,0,4.17,0,0,18.3,13.3,69.7,1019,31.2,9.4,2021-08-26T06:14:13,2021-08-26T19:22:50,0.59,Clear,Partly cloudy throughout the day.,Clear,"72327013897,KJWN,KBNA,KMQY,KM91,72327313827"
nashville tennessee,2021-08-27,92.7,73.9,82.8,96.7,73.9,85.2,69.4,66.11,0,0,0,0,16.1,11.2,140.7,1019,28.9,9.9,2021-08-27T06:15:00,2021-08-27T19:21:28,0.63,Clear,Becoming cloudy in the afternoon.,Clear,"72327013897,KJWN,KBNA,KMQY,KM91,72327313827"
nashville tennessee,2021-08-28,91.7,74.1,80.5,97.8,74.1,82.5,70.8,73.81,0.18,12.5,0,0,25.3,12.9,96.2,1020.3,43.5,9.9,2021-08-28T06:15:47,2021-08-28T19:20:06,0.67,Rain,Partly cloudy throughout the day with afternoon rain.,Rain,"72327013897,KJWN,KBNA,KMQY,KM91,72327313827"
nashville tennessee,2021-08-29,91.8,73,80.3,97.9,73,82.5,71,75.37,0.07,4.17,0,0,34.4,16.6,119.6,1019.2,49.4,9.9,2021-08-29T06:16:34,2021-08-29T19:18:43,0.72,Rain,Partly cloudy throughout the day with late afternoon rain.,Rain,"72327013897,KJWN,KBNA,KMQY,KM91,72327313827"
nashville tennessee,2021-08-30,84,71.1,76.5,90.2,71.1,77.7,71.1,83.84,0.35,29.17,0,0,24.2,9.5,101.3,1015,66.8,9.7,2021-08-30T06:17:21,2021-08-30T19:17:19,0.76,Rain,Partly cloudy throughout the day with rain.,Rain,"72327013897,KJWN,KBNA,KMQY,KM91,72327313827"
nashville tennessee,2021-08-31,74.9,70.5,72.1,74.9,70.5,72.1,69.2,90.41,2.45,95.83,0,0,30.1,16.9,153,1003.8,97.7,4.5,2021-08-31T06:18:08,2021-08-31T19:15:55,0.81,Rain,Cloudy skies throughout the day with a chance of rain throughout the day.,Rain,"72327013897,KJWN,KBNA,KMQY,KM91,72327313827"
nashville tennessee,2021-09-01,83.5,69.9,75.8,85.8,69.9,76.5,65.9,72.69,0,0,0,0,21.5,13.3,186.3,1008.7,79,9.8,2021-09-01T06:18:55,2021-09-01T19:14:30,0.86,Clear,Partly cloudy throughout the day.,Clear,"72327013897,KJWN,KBNA,KMQY,KM91,72327313827"
nashville tennessee,2021-09-02,83.7,64,73.6,83.6,64,73.6,59,62.57,0,0,0,0,20.7,11.4,109.3,1015.4,12.2,9.9,2021-09-02T06:19:41,2021-09-02T19:13:05,0.9,Clear,Clear conditions throughout the day.,Clear,"72327013897,KJWN,KBNA,KMQY,KM91,72327313827"
nashville tennessee,2021-09-03,83.8,59.9,71.5,83.4,59.9,71.5,58.7,66.33,0,0,0,0,12.8,12.8,173.8,1017.4,50.7,9.9,2021-09-03T06:20:28,2021-09-03T19:11:39,0.94,Clear,Partly cloudy throughout the day.,Clear,"72327013897,KJWN,KBNA,KMQY,KM91,72327313827"
nashville tennessee,2021-09-04,85.2,63.5,74.6,86,63.5,75,63.2,69.78,0,0,0,0,19.7,13.2,170.7,1015.6,51.5,9.9,2021-09-04T06:21:14,2021-09-04T19:10:13,0.97,Clear,Partly cloudy throughout the day.,Clear,"72327013897,KJWN,KBNA,KMQY,KM91,72327313827"
nashville tennessee,2021-09-05,75.5,68.4,72,75.5,68.4,72,65.1,78.94,0.04,12.5,0,0,,7.6,245.5,1013.2,76,9.8,2021-09-05T06:22:01,2021-09-05T19:08:47,0.99,Rain,Partly cloudy throughout the day with morning rain.,Rain,"72327013897,KJWN,KBNA,KMQY,KM91,72327313827"
nashville tennessee,2021-09-06,83.8,63.3,73,82.8,63.3,72.8,58.7,64.63,0,0,0,0,12.8,9.7,83.3,1015.5,25.2,8.9,2021-09-06T06:22:47,2021-09-06T19:07:20,1,Clear,Partly cloudy throughout the day.,Clear,"72327013897,KJWN,KBNA,KMQY,KM91,72327313827"
nashville tennessee,2021-09-07,85.2,58.1,71.3,85,58.1,71.2,58.4,67.36,0,0,0,0,11.4,7.7,112.4,1011.2,12.1,9.3,2021-09-07T06:23:34,2021-09-07T19:05:52,0,Clear,Clear conditions throughout the day.,Clear,"72327013897,KJWN,KBNA,KMQY,KM91,72327313827"
nashville tennessee,2021-09-08,84.7,63.4,72.3,84.5,63.4,72.3,63.1,75.15,0.01,4.17,0,0,18.3,11.6,249.1,1008.6,46.7,9.7,2021-09-08T06:24:20,2021-09-08T19:04:25,0.01,Rain,Partly cloudy throughout the day with afternoon rain.,Rain,"72327013897,KJWN,KBNA,KMQY,KM91,72327313827"
nashville tennessee,2021-09-09,81.5,59.5,70.4,80.4,59.5,70.2,54.4,61.02,0,0,0,0,24.2,13.7,259.9,1015,15.2,9.9,2021-09-09T06:25:07,2021-09-09T19:02:57,0.04,Clear,Clear conditions throughout the day.,Clear,"72327013897,KJWN,KBNA,KMQY,KM91,72327313827"
nashville tennessee,2021-09-10,81.4,56.7,68.7,80.7,56.7,68.6,54.7,64.91,0,0,0,0,,7.1,82.1,1019.4,16.4,9.7,2021-09-10T06:25:53,2021-09-10T19:01:28,0.07,Clear,Clear conditions throughout the day.,Clear,"72327013897,KJWN,KBNA,KMQY,KM91,72327313827"
nashville tennessee,2021-09-11,85.2,57,70.9,84.3,57,70.8,57.8,66.7,0,0,0,0,,11.2,148.6,1021.5,18.8,9.8,2021-09-11T06:26:39,2021-09-11T19:00:00,0.12,Clear,Clear conditions throughout the day.,Clear,"72327013897,KJWN,KBNA,KMQY,KM91,72327313827"
nashville tennessee,2021-09-12,85.9,63.5,74.5,87.1,63.5,75,63.3,70.21,0,0,0,0,12.8,10.8,165.5,1023.1,12.1,9.9,2021-09-12T06:27:26,2021-09-12T18:58:31,0.17,Clear,Clear conditions throughout the day.,Clear,"72327013897,KJWN,KBNA,KMQY,KM91,72327313827"
nashville tennessee,2021-09-13,89.6,67.2,77.3,92.4,67.2,78.4,66.5,71.66,0,0,0,0,15,6.1,126,1021,19.4,9.9,2021-09-13T06:28:12,2021-09-13T18:57:02,0.23,Clear,Clear conditions throughout the day.,Clear,"72327013897,KJWN,KBNA,KMQY,KM91,72327313827"
nashville tennessee,2021-09-14,89.2,69.1,77.5,92.2,69.1,78.7,68.2,74.89,0.04,12.5,0,0,18.3,12.2,168.5,1016.4,48.8,9.8,2021-09-14T06:28:59,2021-09-14T18:55:33,0.28,Rain,Partly cloudy throughout the day with late afternoon rain.,Rain,"72327013897,KJWN,KBNA,KMQY,KM91,72327313827"
nashville tennessee,2021-09-15,79.3,71.9,75,79.3,71.9,75,68.8,81.38,0.33,33.33,0,0,,8,192.3,1014.8,88.7,9.7,2021-09-15T06:29:45,2021-09-15T18:54:04,0.34,Rain,Partly cloudy throughout the day with rain in the morning and afternoon.,Rain,"72327013897,KJWN,KBNA,KMQY,KM91,72327313827"
nashville tennessee,2021-09-16,84.6,67.8,75.6,87,67.8,76.2,66.5,75,0,0,0,0,11.4,8.6,81.1,1016.3,49.9,9.4,2021-09-16T06:30:32,2021-09-16T18:52:35,0.39,Clear,Partly cloudy throughout the day.,Clear,"72327013897,KJWN,KBNA,KMQY,KM91,72327313827"
nashville tennessee,2021-09-17,77.2,69.8,73.3,77.2,69.8,73.3,68.8,85.9,0.35,25,0,0,,7.5,81.3,1018.6,71.4,8.8,2021-09-17T06:31:19,2021-09-17T18:51:05,0.43,Rain,Partly cloudy throughout the day with rain.,Rain,"72327013897,KJWN,KBNA,KMQY,KM91,72327313827"
nashville tennessee,2021-09-18,74.9,70.5,72.7,74.9,70.5,72.7,69.2,88.84,0.63,29.17,0,0,17.2,7.1,37.5,1019.1,89.4,8.6,2021-09-18T06:32:05,2021-09-18T18:49:36,0.47,Rain,Partly cloudy throughout the day with rain in the morning and afternoon.,Rain,"72327013897,KJWN,KBNA,KMQY,KM91,72327313827"
nashville tennessee,2021-09-19,73.8,70.4,72,73.8,70.4,72,68.7,89.35,0.83,54.17,0,0,,7.7,80,1018,93.9,8.3,2021-09-19T06:32:52,2021-09-19T18:48:06,0.49,Rain,Cloudy skies throughout the day with rain in the morning and afternoon.,Rain,"72327013897,KJWN,KBNA,KMQY,KM91,72327313827"
nashville tennessee,2021-09-20,73.6,68.8,71.9,73.6,68.8,71.9,68.5,88.87,1.41,62.5,0,0,16.1,11,102.3,1016.4,91.4,7,2021-09-20T06:33:39,2021-09-20T18:46:37,0.5,Rain,Cloudy skies throughout the day with a chance of rain throughout the day.,Rain,"72327013897,KJWN,KBNA,KMQY,KM91,72327313827"
nashville tennessee,2021-09-21,81.8,67.7,73.8,86.2,67.7,74.5,68.2,82.99,0.59,41.67,0,0,23,9,130,1016.3,79.1,9.1,2021-09-21T06:34:26,2021-09-21T18:45:07,0.5,Rain,Partly cloudy throughout the day with rain.,Rain,"72327013897,KJWN,KBNA,KMQY,KM91,72327313827"
nashville tennessee,2021-09-22,70.9,55.1,63.5,70.9,55.1,63.4,55.5,76.36,0.29,45.83,0,0,33.2,18.2,295.2,1016.9,75.3,9,2021-09-22T06:35:13,2021-09-22T18:43:38,0.52,Rain,Partly cloudy throughout the day with a chance of rain throughout the day.,Rain,"72327013897,KJWN,KBNA,KMQY,KM91,72327313827"
nashville tennessee,2021-09-23,71.7,49.9,59.6,71.7,49.9,59.6,46.7,66.83,0,4.17,0,0,21.3,12.6,258.3,1018.4,7.2,9.9,2021-09-23T06:36:00,2021-09-23T18:42:09,0.53,Clear,Clear conditions throughout the day.,Clear,"72327013897,KJWN,KBNA,KMQY,KM91,72327313827"
nashville tennessee,2021-09-24,74.3,49.1,60.7,74.3,49.1,60.7,48,67.49,0,0,0,0,,5.3,112.5,1019.9,22.1,9.1,2021-09-24T06:36:48,2021-09-24T18:40:39,0.56,Clear,Partly cloudy throughout the day.,Clear,"72327013897,KJWN,KBNA,KMQY,KM91,72327313827"
nashville tennessee,2021-09-25,75.5,52.5,63.9,75.5,52.5,64,54.1,71.87,0,8.33,0,0,,8.9,200,1019.1,27.1,9.8,2021-09-25T06:37:35,2021-09-25T18:39:10,0.6,Clear,Partly cloudy throughout the day.,Clear,"72327013897,KJWN,KBNA,KMQY,KM91,72327313827"
nashville tennessee,2021-09-26,80,56,65.5,79.6,56,65.5,54.7,72.48,0,0,0,0,,6.4,128.7,1019.9,32.1,6.3,2021-09-26T06:38:23,2021-09-26T18:37:42,0.64,Clear,Partly cloudy throughout the day.,Clear,"72327013897,KJWN,KBNA,KMQY,KM91,72327313827"
nashville tennessee,2021-09-27,83.3,55.2,69.2,83.2,55.2,69.2,57.4,69.21,0,0,0,0,17.2,9.8,186.3,1018.1,2.4,9.8,2021-09-27T06:39:11,2021-09-27T18:36:13,0.68,Clear,Clear conditions throughout the day.,Clear,"72327013897,KJWN,KBNA,KMQY,KM91,72327313827"
nashville tennessee,2021-09-28,85.2,60.1,71.6,85.5,60.1,71.8,60.5,70.58,0,0,0,0,12.8,6.7,175.8,1016.1,17.5,9.8,2021-09-28T06:39:59,2021-09-28T18:34:44,0.73,Clear,Clear conditions throughout the day.,Clear,"72327013897,KJWN,KBNA,KMQY,KM91,72327313827"
nashville tennessee,2021-09-29,85.9,63.3,73.6,86.1,63.3,73.9,62.8,71.62,0,0,0,0,,5.9,74.8,1016.7,35,9.3,2021-09-29T06:40:48,2021-09-29T18:33:16,0.77,Clear,Becoming cloudy in the afternoon.,Clear,"72327013897,KJWN,KBNA,KMQY,KM91,72327313827"
nashville tennessee,2021-09-30,84.6,65,74.1,85.3,65,74.4,63.9,72.35,0,0,0,0,11.4,5.8,39.1,1019.2,51.9,9.4,2021-09-30T06:41:36,2021-09-30T18:31:48,0.82,Clear,Partly cloudy throughout the day.,Clear,"72327013897,KJWN,KBNA,KMQY,KM91,72327313827"
nashville tennessee,2021-10-01,87.2,69.1,75.9,87.1,69.1,76.2,65,71.31,0,0,0,0,11.4,7.5,101.8,1020.6,55.4,9.2,2021-10-01T06:42:25,2021-10-01T18:30:21,0.87,Clear,Partly cloudy throughout the day.,Clear,"72327013897,KJWN,KBNA,KMQY,KM91,72327313827"
nashville tennessee,2021-10-02,80.6,64.1,71.9,82.2,64.1,72.1,64.6,79.07,0.15,25,0,0,21.9,13.1,168.3,1019.6,64,8.9,2021-10-02T06:43:14,2021-10-02T18:28:54,0.91,Rain,Partly cloudy throughout the day with rain.,Rain,"72327013897,KJWN,KBNA,KMQY,KM91,72327313827"
nashville tennessee,2021-10-03,78.2,68.7,71.7,78.2,68.7,71.7,66.5,84.09,1.21,33.33,0,0,16.1,7.8,197.4,1014.7,85.9,9.4,2021-10-03T06:44:03,2021-10-03T18:27:27,0.95,Rain,Partly cloudy throughout the day with a chance of rain throughout the day.,Rain,"72327013897,KJWN,KBNA,KMQY,KM91,72327313827"
nashville tennessee,2021-10-04,82.6,63.9,71,83.4,63.9,71.1,62.9,77.21,0,0,0,0,,7.6,203,1014.8,47.8,8.8,2021-10-04T06:44:53,2021-10-04T18:26:01,0.98,Clear,Partly cloudy throughout the day.,Clear,"72327013897,KJWN,KBNA,KMQY,KM91,72327313827"
nashville tennessee,2021-10-05,73.3,62.7,67.8,73.3,62.7,67.8,63.5,86.17,0.53,25,0,0,,8.7,51.4,1017.2,72.1,8.3,2021-10-05T06:45:42,2021-10-05T18:24:35,1,Rain,Partly cloudy throughout the day with rain.,Rain,"72327013897,KJWN,KBNA,KMQY,KM91,72327313827"
nashville tennessee,2021-10-06,77.4,64.7,69.7,77.4,64.7,69.7,64.1,82.97,0.61,50,0,0,24.2,12.5,106.1,1018.8,92.3,9.1,2021-10-06T06:46:32,2021-10-06T18:23:09,0,Rain,Cloudy skies throughout the day with rain.,Rain,"72327013897,KJWN,KBNA,KMQY,KM91,72327313827"
nashville tennessee,2021-10-07,80.1,64.7,70,81.7,64.7,70.1,63.1,79.7,0.13,25,0,0,,7,123.5,1018.8,61.3,9.8,2021-10-07T06:47:23,2021-10-07T18:21:44,0.01,Rain,Partly cloudy throughout the day with rain clearing later.,Rain,"72327013897,KJWN,KBNA,KMQY,KM91,72327313827"
nashville tennessee,2021-10-08,82,60.1,70,82.5,60.1,70.1,61,75.48,0,0,0,0,16.1,9.1,192.7,1017.9,20.2,8.8,2021-10-08T06:48:13,2021-10-08T18:20:20,0.03,Clear,Becoming cloudy in the afternoon.,Clear,"72327013897,KJWN,KBNA,KMQY,KM91,72327313827"
nashville tennessee,2021-10-09,84.6,62.7,72.6,85.3,62.7,72.8,62.1,72.07,0,0,0,0,15,9.8,135.7,1015.9,40.5,9.3,2021-10-09T06:49:04,2021-10-09T18:18:56,0.06,Clear,Partly cloudy throughout the day.,Clear,"72327013897,KJWN,KBNA,KMQY,KM91,72327313827"
nashville tennessee,2021-10-10,85.7,64.1,74.2,86.1,64.1,74.4,62.8,69.81,0,0,0,0,19.7,10.4,152.9,1014.3,33.6,9.8,2021-10-10T06:49:56,2021-10-10T18:17:33,0.11,Clear,Partly cloudy throughout the day.,Clear,"72327013897,KJWN,KBNA,KMQY,KM91,72327313827"
nashville tennessee,2021-10-11,82.8,64.8,73.9,83.3,64.8,74.1,61.9,67.87,0,4.17,0,0,35.6,58.4,152.1,1012.1,47.4,9.8,2021-10-11T06:50:47,2021-10-11T18:16:10,0.16,Clear,Partly cloudy throughout the day.,Clear,"72327013897,KJWN,KBNA,KMQY,KM91,72327313827"
nashville tennessee,2021-10-12,82.1,63.8,72.7,82,63.8,72.8,61.3,69.64,0.02,4.17,0,0,17.2,12.1,210.4,1015.7,48.2,9.9,2021-10-12T06:51:39,2021-10-12T18:14:49,0.21,Rain,Clearing in the afternoon with early morning rain.,Rain,"72327013897,KJWN,KBNA,KMQY,KM91,72327313827"
nashville tennessee,2021-10-13,83.2,62.7,72.7,85.8,62.7,73.3,64.2,75.85,0,0,0,0,20.8,11.8,141.6,1016,62.4,9.8,2021-10-13T06:52:31,2021-10-13T18:13:27,0.27,Clear,Partly cloudy throughout the day.,Clear,"72327013897,KJWN,KBNA,KMQY,KM91,72327313827"
nashville tennessee,2021-10-14,83.8,66.4,74.3,84.7,66.4,74.5,63.4,70.6,0,0,0,0,17.2,11.1,168.5,1014.9,51.1,9.8,2021-10-14T06:53:24,2021-10-14T18:12:07,0.33,Clear,Partly cloudy throughout the day.,Clear,"72327013897,KJWN,KBNA,KMQY,KM91,72327313827"
nashville tennessee,2021-10-15,80.2,68.9,72.7,82.8,68.9,72.8,64.9,76.9,0.24,33.33,0,0,15,10.1,210.5,1012.3,84.8,9.5,2021-10-15T06:54:17,2021-10-15T18:10:47,0.37,Rain,Partly cloudy throughout the day with rain.,Rain,"72327013897,KJWN,KBNA,KMQY,KM91,72327313827"
nashville tennessee,2021-10-16,68.1,52.4,59.3,68.1,52.4,59.3,43.4,58.72,0.04,16.67,0,0,32.5,19.8,318.5,1019.2,32,9.9,2021-10-16T06:55:10,2021-10-16T18:09:28,0.42,Rain,Partly cloudy throughout the day with early morning rain.,Rain,"72327013897,KJWN,KBNA,KMQY,KM91,72327313827"
nashville tennessee,2021-10-17,69.1,43.2,54.9,69.1,43.2,54.8,38.8,59.41,0,0,0,0,17.2,8.3,169.5,1023.8,0,9.9,2021-10-17T06:56:04,2021-10-17T18:08:10,0.45,Clear,Clear conditions throughout the day.,Clear,"72327013897,KJWN,KBNA,KMQY,KM91,72327313827"
nashville tennessee,2021-10-18,72.4,42.1,56,72.4,42.1,55.5,42.1,63.73,0,0,0,0,,5.4,101.8,1023,4.8,9.8,2021-10-18T06:56:58,2021-10-18T18:06:53,0.48,Clear,Clear conditions throughout the day.,Clear,"72327013897,KJWN,KBNA,KMQY,KM91,72327313827"
nashville tennessee,2021-10-19,74.3,44,58.1,74.3,44,58.1,45.9,67.75,0,0,0,0,,8.4,107.9,1022.7,27.1,9,2021-10-19T06:57:52,2021-10-19T18:05:37,0.49,Clear,Partly cloudy throughout the day.,Clear,"72327013897,KJWN,KBNA,KMQY,KM91,72327313827"
nashville tennessee,2021-10-20,77,47.7,62,77,47.1,61.9,51.4,70.52,0,0,0,0,17.9,10.8,144.6,1022.3,26.9,9.7,2021-10-20T06:58:47,2021-10-20T18:04:21,0.5,Clear,Partly cloudy throughout the day.,Clear,"72327013897,KJWN,KBNA,KMQY,KM91,72327313827"
nashville tennessee,2021-10-21,76.6,58.9,68.2,76.6,58.9,68.2,56.3,67.03,0.07,20.83,0,0,27.5,14.6,239.3,1017.4,56.6,9.8,2021-10-21T06:59:42,2021-10-21T18:03:07,0.51,Rain,Partly cloudy throughout the day with a chance of rain throughout the day.,Rain,"72327013897,KJWN,KBNA,KMQY,KM91,72327313827"
nashville tennessee,2021-10-22,62.1,47.3,55.3,62.1,47.3,55.3,45.9,71.18,0,0,0,0,,5.9,260.9,1018.9,63.3,9.9,2021-10-22T07:00:38,2021-10-22T18:01:53,0.52,Clear,Partly cloudy throughout the day.,Clear,"72327013897,KJWN,KBNA,KMQY,KM91,72327313827"
nashville tennessee,2021-10-23,69.3,46.6,57.5,69.3,46.6,57.3,48,72.35,0,4.17,0,0,,6.7,100.4,1017.5,39.1,9.3,2021-10-23T07:01:34,2021-10-23T18:00:41,0.54,Clear,Partly cloudy throughout the day.,Clear,"72327013897,KJWN,KBNA,KMQY,KM91,72327313827"
nashville tennessee,2021-10-24,80.6,56.7,67.8,80.8,56.7,67.8,52.9,60.2,0,0,0,0,28.7,17.2,160,1015.1,46.6,9.9,2021-10-24T07:02:30,2021-10-24T17:59:30,0.57,Clear,Partly cloudy throughout the day.,Clear,"72327013897,KJWN,KBNA,KMQY,KM91,72327313827"
nashville tennessee,2021-10-25,71.1,54.9,62,71.1,54.9,62,52.2,70.82,1.1,29.17,0,0,34,19.6,244.5,1012,87.1,8.9,2021-10-25T07:03:26,2021-10-25T17:58:19,0.61,Rain,Partly cloudy throughout the day with rain clearing later.,Rain,"72327013897,KJWN,KBNA,KMQY,KM91,72327313827"
nashville tennessee,2021-10-26,60.1,49.4,54.2,60.1,48,54.2,42.4,64.85,0,0,0,0,19.4,11.7,205.6,1016.9,64.8,9.9,2021-10-26T07:04:23,2021-10-26T17:57:10,0.65,Clear,Partly cloudy throughout the day.,Clear,"72327013897,KJWN,KBNA,KMQY,KM91,72327313827"
nashville tennessee,2021-10-27,67.4,44.1,54.8,67.4,41.8,54.5,39.9,60.95,0,0,0,0,12.8,8.3,60.3,1012.4,38.6,9.9,2021-10-27T07:05:21,2021-10-27T17:56:02,0.69,Clear,Partly cloudy throughout the day.,Clear,"72327013897,KJWN,KBNA,KMQY,KM91,72327313827"
nashville tennessee,2021-10-28,64.8,54.8,59,64.8,54.8,59,50.3,73.55,0.2,37.5,0,0,24.7,12.5,152.3,999.2,92.7,9.3,2021-10-28T07:06:18,2021-10-28T17:54:55,0.74,Rain,Cloudy skies throughout the day with rain.,Rain,"72327013897,KJWN,KBNA,KMQY,KM91,72327313827"
nashville tennessee,2021-10-29,57.5,52.5,55,57.5,52.5,55,50,83.48,0.31,75,0,0,13.9,7.8,229.4,998.6,96,9.1,2021-10-29T07:07:16,2021-10-29T17:53:50,0.79,Rain,Cloudy skies throughout the day with rain clearing later.,Rain,"72327013897,KJWN,KBNA,KMQY,KM91,72327313827"
nashville tennessee,2021-10-30,56.8,52.6,54.6,56.8,52.6,54.6,50.2,85.12,0.12,41.67,0,0,19.7,12.3,283.7,1004.7,97.5,7.6,2021-10-30T07:08:14,2021-10-30T17:52:46,0.84,Rain,Cloudy skies throughout the day with rain in the morning and afternoon.,Rain,"72327013897,KJWN,KBNA,KMQY,KM91,72327313827"
nashville tennessee,2021-10-31,66.4,51.1,57,66.4,51.1,57,47.6,71.84,0,0,0,0,18.3,11.2,285.2,1016.4,66.1,9.9,2021-10-31T07:09:13,2021-10-31T17:51:43,0.88,Clear,Partly cloudy throughout the day.,Clear,"72327013897,KJWN,KBNA,KMQY,KM91,72327313827"
